Doxygen version used: 1.9.1
Searching for include files...
Searching for example files...
Searching for images...
Searching for dot files...
Searching for msc files...
Searching for dia files...
Searching for files to exclude
Searching for files in directory /mnt/c/Users/brand/repos/tmp/leveldb/third_party
Searching for files in directory /mnt/c/Users/brand/repos/tmp/leveldb/third_party/benchmark
Searching for files in directory /mnt/c/Users/brand/repos/tmp/leveldb/third_party/googletest
Searching INPUT for files to process...
Searching for files in directory /mnt/c/Users/brand/repos/tmp/leveldb/include
Searching for files in directory /mnt/c/Users/brand/repos/tmp/leveldb/include/leveldb
Searching for files in directory /mnt/c/Users/brand/repos/tmp/leveldb/db
Searching for files in directory /mnt/c/Users/brand/repos/tmp/leveldb/table
Searching for files in directory /mnt/c/Users/brand/repos/tmp/leveldb/util
Reading and parsing tag files
Parsing files
Reading /mnt/c/Users/brand/repos/ie0417-laboratorio-1-git-documentacion-C12976/doxygen/mainpage.md...
Preprocessing /mnt/c/Users/brand/repos/tmp/leveldb/include/leveldb/c.h...
Parsing file /mnt/c/Users/brand/repos/tmp/leveldb/include/leveldb/c.h...
Preprocessing /mnt/c/Users/brand/repos/tmp/leveldb/include/leveldb/cache.h...
Parsing file /mnt/c/Users/brand/repos/tmp/leveldb/include/leveldb/cache.h...
Preprocessing /mnt/c/Users/brand/repos/tmp/leveldb/include/leveldb/comparator.h...
Parsing file /mnt/c/Users/brand/repos/tmp/leveldb/include/leveldb/comparator.h...
Preprocessing /mnt/c/Users/brand/repos/tmp/leveldb/include/leveldb/db.h...
Parsing file /mnt/c/Users/brand/repos/tmp/leveldb/include/leveldb/db.h...
Preprocessing /mnt/c/Users/brand/repos/tmp/leveldb/include/leveldb/dumpfile.h...
Parsing file /mnt/c/Users/brand/repos/tmp/leveldb/include/leveldb/dumpfile.h...
Preprocessing /mnt/c/Users/brand/repos/tmp/leveldb/include/leveldb/env.h...
Parsing file /mnt/c/Users/brand/repos/tmp/leveldb/include/leveldb/env.h...
Preprocessing /mnt/c/Users/brand/repos/tmp/leveldb/include/leveldb/export.h...
Parsing file /mnt/c/Users/brand/repos/tmp/leveldb/include/leveldb/export.h...
Preprocessing /mnt/c/Users/brand/repos/tmp/leveldb/include/leveldb/filter_policy.h...
Parsing file /mnt/c/Users/brand/repos/tmp/leveldb/include/leveldb/filter_policy.h...
Preprocessing /mnt/c/Users/brand/repos/tmp/leveldb/include/leveldb/iterator.h...
Parsing file /mnt/c/Users/brand/repos/tmp/leveldb/include/leveldb/iterator.h...
Preprocessing /mnt/c/Users/brand/repos/tmp/leveldb/include/leveldb/options.h...
Parsing file /mnt/c/Users/brand/repos/tmp/leveldb/include/leveldb/options.h...
Preprocessing /mnt/c/Users/brand/repos/tmp/leveldb/include/leveldb/slice.h...
Parsing file /mnt/c/Users/brand/repos/tmp/leveldb/include/leveldb/slice.h...
Preprocessing /mnt/c/Users/brand/repos/tmp/leveldb/include/leveldb/status.h...
Parsing file /mnt/c/Users/brand/repos/tmp/leveldb/include/leveldb/status.h...
Preprocessing /mnt/c/Users/brand/repos/tmp/leveldb/include/leveldb/table.h...
Parsing file /mnt/c/Users/brand/repos/tmp/leveldb/include/leveldb/table.h...
Preprocessing /mnt/c/Users/brand/repos/tmp/leveldb/include/leveldb/table_builder.h...
Parsing file /mnt/c/Users/brand/repos/tmp/leveldb/include/leveldb/table_builder.h...
Preprocessing /mnt/c/Users/brand/repos/tmp/leveldb/include/leveldb/write_batch.h...
Parsing file /mnt/c/Users/brand/repos/tmp/leveldb/include/leveldb/write_batch.h...
Preprocessing /mnt/c/Users/brand/repos/tmp/leveldb/db/autocompact_test.cc...
Parsing file /mnt/c/Users/brand/repos/tmp/leveldb/db/autocompact_test.cc...
Preprocessing /mnt/c/Users/brand/repos/tmp/leveldb/db/builder.cc...
Parsing file /mnt/c/Users/brand/repos/tmp/leveldb/db/builder.cc...
Preprocessing /mnt/c/Users/brand/repos/tmp/leveldb/db/builder.h...
Parsing file /mnt/c/Users/brand/repos/tmp/leveldb/db/builder.h...
Preprocessing /mnt/c/Users/brand/repos/tmp/leveldb/db/c.cc...
Parsing file /mnt/c/Users/brand/repos/tmp/leveldb/db/c.cc...
Preprocessing /mnt/c/Users/brand/repos/tmp/leveldb/db/corruption_test.cc...
Parsing file /mnt/c/Users/brand/repos/tmp/leveldb/db/corruption_test.cc...
Preprocessing /mnt/c/Users/brand/repos/tmp/leveldb/db/db_impl.cc...
Parsing file /mnt/c/Users/brand/repos/tmp/leveldb/db/db_impl.cc...
Preprocessing /mnt/c/Users/brand/repos/tmp/leveldb/db/db_impl.h...
Parsing file /mnt/c/Users/brand/repos/tmp/leveldb/db/db_impl.h...
Preprocessing /mnt/c/Users/brand/repos/tmp/leveldb/db/db_iter.cc...
Parsing file /mnt/c/Users/brand/repos/tmp/leveldb/db/db_iter.cc...
Preprocessing /mnt/c/Users/brand/repos/tmp/leveldb/db/db_iter.h...
Parsing file /mnt/c/Users/brand/repos/tmp/leveldb/db/db_iter.h...
Preprocessing /mnt/c/Users/brand/repos/tmp/leveldb/db/db_test.cc...
Parsing file /mnt/c/Users/brand/repos/tmp/leveldb/db/db_test.cc...
Preprocessing /mnt/c/Users/brand/repos/tmp/leveldb/db/dbformat.cc...
Parsing file /mnt/c/Users/brand/repos/tmp/leveldb/db/dbformat.cc...
Preprocessing /mnt/c/Users/brand/repos/tmp/leveldb/db/dbformat.h...
Parsing file /mnt/c/Users/brand/repos/tmp/leveldb/db/dbformat.h...
Preprocessing /mnt/c/Users/brand/repos/tmp/leveldb/db/dbformat_test.cc...
Parsing file /mnt/c/Users/brand/repos/tmp/leveldb/db/dbformat_test.cc...
Preprocessing /mnt/c/Users/brand/repos/tmp/leveldb/db/dumpfile.cc...
Parsing file /mnt/c/Users/brand/repos/tmp/leveldb/db/dumpfile.cc...
Preprocessing /mnt/c/Users/brand/repos/tmp/leveldb/db/fault_injection_test.cc...
Parsing file /mnt/c/Users/brand/repos/tmp/leveldb/db/fault_injection_test.cc...
Preprocessing /mnt/c/Users/brand/repos/tmp/leveldb/db/filename.cc...
Parsing file /mnt/c/Users/brand/repos/tmp/leveldb/db/filename.cc...
Preprocessing /mnt/c/Users/brand/repos/tmp/leveldb/db/filename.h...
Parsing file /mnt/c/Users/brand/repos/tmp/leveldb/db/filename.h...
Preprocessing /mnt/c/Users/brand/repos/tmp/leveldb/db/filename_test.cc...
Parsing file /mnt/c/Users/brand/repos/tmp/leveldb/db/filename_test.cc...
Preprocessing /mnt/c/Users/brand/repos/tmp/leveldb/db/leveldbutil.cc...
Parsing file /mnt/c/Users/brand/repos/tmp/leveldb/db/leveldbutil.cc...
Preprocessing /mnt/c/Users/brand/repos/tmp/leveldb/db/log_format.h...
Parsing file /mnt/c/Users/brand/repos/tmp/leveldb/db/log_format.h...
Preprocessing /mnt/c/Users/brand/repos/tmp/leveldb/db/log_reader.cc...
Parsing file /mnt/c/Users/brand/repos/tmp/leveldb/db/log_reader.cc...
Preprocessing /mnt/c/Users/brand/repos/tmp/leveldb/db/log_reader.h...
Parsing file /mnt/c/Users/brand/repos/tmp/leveldb/db/log_reader.h...
Preprocessing /mnt/c/Users/brand/repos/tmp/leveldb/db/log_test.cc...
Parsing file /mnt/c/Users/brand/repos/tmp/leveldb/db/log_test.cc...
Preprocessing /mnt/c/Users/brand/repos/tmp/leveldb/db/log_writer.cc...
Parsing file /mnt/c/Users/brand/repos/tmp/leveldb/db/log_writer.cc...
Preprocessing /mnt/c/Users/brand/repos/tmp/leveldb/db/log_writer.h...
Parsing file /mnt/c/Users/brand/repos/tmp/leveldb/db/log_writer.h...
Preprocessing /mnt/c/Users/brand/repos/tmp/leveldb/db/memtable.cc...
Parsing file /mnt/c/Users/brand/repos/tmp/leveldb/db/memtable.cc...
Preprocessing /mnt/c/Users/brand/repos/tmp/leveldb/db/memtable.h...
Parsing file /mnt/c/Users/brand/repos/tmp/leveldb/db/memtable.h...
Preprocessing /mnt/c/Users/brand/repos/tmp/leveldb/db/recovery_test.cc...
Parsing file /mnt/c/Users/brand/repos/tmp/leveldb/db/recovery_test.cc...
Preprocessing /mnt/c/Users/brand/repos/tmp/leveldb/db/repair.cc...
Parsing file /mnt/c/Users/brand/repos/tmp/leveldb/db/repair.cc...
Preprocessing /mnt/c/Users/brand/repos/tmp/leveldb/db/skiplist.h...
Parsing file /mnt/c/Users/brand/repos/tmp/leveldb/db/skiplist.h...
Preprocessing /mnt/c/Users/brand/repos/tmp/leveldb/db/skiplist_test.cc...
Parsing file /mnt/c/Users/brand/repos/tmp/leveldb/db/skiplist_test.cc...
Preprocessing /mnt/c/Users/brand/repos/tmp/leveldb/db/snapshot.h...
Parsing file /mnt/c/Users/brand/repos/tmp/leveldb/db/snapshot.h...
Preprocessing /mnt/c/Users/brand/repos/tmp/leveldb/db/table_cache.cc...
Parsing file /mnt/c/Users/brand/repos/tmp/leveldb/db/table_cache.cc...
Preprocessing /mnt/c/Users/brand/repos/tmp/leveldb/db/table_cache.h...
Parsing file /mnt/c/Users/brand/repos/tmp/leveldb/db/table_cache.h...
Preprocessing /mnt/c/Users/brand/repos/tmp/leveldb/db/version_edit.cc...
Parsing file /mnt/c/Users/brand/repos/tmp/leveldb/db/version_edit.cc...
Preprocessing /mnt/c/Users/brand/repos/tmp/leveldb/db/version_edit.h...
Parsing file /mnt/c/Users/brand/repos/tmp/leveldb/db/version_edit.h...
Preprocessing /mnt/c/Users/brand/repos/tmp/leveldb/db/version_edit_test.cc...
Parsing file /mnt/c/Users/brand/repos/tmp/leveldb/db/version_edit_test.cc...
Preprocessing /mnt/c/Users/brand/repos/tmp/leveldb/db/version_set.cc...
Parsing file /mnt/c/Users/brand/repos/tmp/leveldb/db/version_set.cc...
Preprocessing /mnt/c/Users/brand/repos/tmp/leveldb/db/version_set.h...
Parsing file /mnt/c/Users/brand/repos/tmp/leveldb/db/version_set.h...
Preprocessing /mnt/c/Users/brand/repos/tmp/leveldb/db/version_set_test.cc...
Parsing file /mnt/c/Users/brand/repos/tmp/leveldb/db/version_set_test.cc...
Preprocessing /mnt/c/Users/brand/repos/tmp/leveldb/db/write_batch.cc...
Parsing file /mnt/c/Users/brand/repos/tmp/leveldb/db/write_batch.cc...
Preprocessing /mnt/c/Users/brand/repos/tmp/leveldb/db/write_batch_internal.h...
Parsing file /mnt/c/Users/brand/repos/tmp/leveldb/db/write_batch_internal.h...
Preprocessing /mnt/c/Users/brand/repos/tmp/leveldb/db/write_batch_test.cc...
Parsing file /mnt/c/Users/brand/repos/tmp/leveldb/db/write_batch_test.cc...
Preprocessing /mnt/c/Users/brand/repos/tmp/leveldb/table/block.cc...
Parsing file /mnt/c/Users/brand/repos/tmp/leveldb/table/block.cc...
Preprocessing /mnt/c/Users/brand/repos/tmp/leveldb/table/block.h...
Parsing file /mnt/c/Users/brand/repos/tmp/leveldb/table/block.h...
Preprocessing /mnt/c/Users/brand/repos/tmp/leveldb/table/block_builder.cc...
Parsing file /mnt/c/Users/brand/repos/tmp/leveldb/table/block_builder.cc...
Preprocessing /mnt/c/Users/brand/repos/tmp/leveldb/table/block_builder.h...
Parsing file /mnt/c/Users/brand/repos/tmp/leveldb/table/block_builder.h...
Preprocessing /mnt/c/Users/brand/repos/tmp/leveldb/table/filter_block.cc...
Parsing file /mnt/c/Users/brand/repos/tmp/leveldb/table/filter_block.cc...
Preprocessing /mnt/c/Users/brand/repos/tmp/leveldb/table/filter_block.h...
Parsing file /mnt/c/Users/brand/repos/tmp/leveldb/table/filter_block.h...
Preprocessing /mnt/c/Users/brand/repos/tmp/leveldb/table/filter_block_test.cc...
Parsing file /mnt/c/Users/brand/repos/tmp/leveldb/table/filter_block_test.cc...
Preprocessing /mnt/c/Users/brand/repos/tmp/leveldb/table/format.cc...
Parsing file /mnt/c/Users/brand/repos/tmp/leveldb/table/format.cc...
Preprocessing /mnt/c/Users/brand/repos/tmp/leveldb/table/format.h...
Parsing file /mnt/c/Users/brand/repos/tmp/leveldb/table/format.h...
Preprocessing /mnt/c/Users/brand/repos/tmp/leveldb/table/iterator.cc...
Parsing file /mnt/c/Users/brand/repos/tmp/leveldb/table/iterator.cc...
Preprocessing /mnt/c/Users/brand/repos/tmp/leveldb/table/iterator_wrapper.h...
Parsing file /mnt/c/Users/brand/repos/tmp/leveldb/table/iterator_wrapper.h...
Preprocessing /mnt/c/Users/brand/repos/tmp/leveldb/table/merger.cc...
Parsing file /mnt/c/Users/brand/repos/tmp/leveldb/table/merger.cc...
Preprocessing /mnt/c/Users/brand/repos/tmp/leveldb/table/merger.h...
Parsing file /mnt/c/Users/brand/repos/tmp/leveldb/table/merger.h...
Preprocessing /mnt/c/Users/brand/repos/tmp/leveldb/table/table.cc...
Parsing file /mnt/c/Users/brand/repos/tmp/leveldb/table/table.cc...
Preprocessing /mnt/c/Users/brand/repos/tmp/leveldb/table/table_builder.cc...
Parsing file /mnt/c/Users/brand/repos/tmp/leveldb/table/table_builder.cc...
Preprocessing /mnt/c/Users/brand/repos/tmp/leveldb/table/table_test.cc...
Parsing file /mnt/c/Users/brand/repos/tmp/leveldb/table/table_test.cc...
Preprocessing /mnt/c/Users/brand/repos/tmp/leveldb/table/two_level_iterator.cc...
Parsing file /mnt/c/Users/brand/repos/tmp/leveldb/table/two_level_iterator.cc...
Preprocessing /mnt/c/Users/brand/repos/tmp/leveldb/table/two_level_iterator.h...
Parsing file /mnt/c/Users/brand/repos/tmp/leveldb/table/two_level_iterator.h...
Preprocessing /mnt/c/Users/brand/repos/tmp/leveldb/util/arena.cc...
Parsing file /mnt/c/Users/brand/repos/tmp/leveldb/util/arena.cc...
Preprocessing /mnt/c/Users/brand/repos/tmp/leveldb/util/arena.h...
Parsing file /mnt/c/Users/brand/repos/tmp/leveldb/util/arena.h...
Preprocessing /mnt/c/Users/brand/repos/tmp/leveldb/util/arena_test.cc...
Parsing file /mnt/c/Users/brand/repos/tmp/leveldb/util/arena_test.cc...
Preprocessing /mnt/c/Users/brand/repos/tmp/leveldb/util/bloom.cc...
Parsing file /mnt/c/Users/brand/repos/tmp/leveldb/util/bloom.cc...
Preprocessing /mnt/c/Users/brand/repos/tmp/leveldb/util/bloom_test.cc...
Parsing file /mnt/c/Users/brand/repos/tmp/leveldb/util/bloom_test.cc...
Preprocessing /mnt/c/Users/brand/repos/tmp/leveldb/util/cache.cc...
Parsing file /mnt/c/Users/brand/repos/tmp/leveldb/util/cache.cc...
Preprocessing /mnt/c/Users/brand/repos/tmp/leveldb/util/cache_test.cc...
Parsing file /mnt/c/Users/brand/repos/tmp/leveldb/util/cache_test.cc...
Preprocessing /mnt/c/Users/brand/repos/tmp/leveldb/util/coding.cc...
Parsing file /mnt/c/Users/brand/repos/tmp/leveldb/util/coding.cc...
Preprocessing /mnt/c/Users/brand/repos/tmp/leveldb/util/coding.h...
Parsing file /mnt/c/Users/brand/repos/tmp/leveldb/util/coding.h...
Preprocessing /mnt/c/Users/brand/repos/tmp/leveldb/util/coding_test.cc...
Parsing file /mnt/c/Users/brand/repos/tmp/leveldb/util/coding_test.cc...
Preprocessing /mnt/c/Users/brand/repos/tmp/leveldb/util/comparator.cc...
Parsing file /mnt/c/Users/brand/repos/tmp/leveldb/util/comparator.cc...
Preprocessing /mnt/c/Users/brand/repos/tmp/leveldb/util/crc32c.cc...
Parsing file /mnt/c/Users/brand/repos/tmp/leveldb/util/crc32c.cc...
Preprocessing /mnt/c/Users/brand/repos/tmp/leveldb/util/crc32c.h...
Parsing file /mnt/c/Users/brand/repos/tmp/leveldb/util/crc32c.h...
Preprocessing /mnt/c/Users/brand/repos/tmp/leveldb/util/crc32c_test.cc...
Parsing file /mnt/c/Users/brand/repos/tmp/leveldb/util/crc32c_test.cc...
Preprocessing /mnt/c/Users/brand/repos/tmp/leveldb/util/env.cc...
Parsing file /mnt/c/Users/brand/repos/tmp/leveldb/util/env.cc...
Preprocessing /mnt/c/Users/brand/repos/tmp/leveldb/util/env_posix.cc...
Parsing file /mnt/c/Users/brand/repos/tmp/leveldb/util/env_posix.cc...
Preprocessing /mnt/c/Users/brand/repos/tmp/leveldb/util/env_posix_test.cc...
Parsing file /mnt/c/Users/brand/repos/tmp/leveldb/util/env_posix_test.cc...
Preprocessing /mnt/c/Users/brand/repos/tmp/leveldb/util/env_posix_test_helper.h...
Parsing file /mnt/c/Users/brand/repos/tmp/leveldb/util/env_posix_test_helper.h...
Preprocessing /mnt/c/Users/brand/repos/tmp/leveldb/util/env_test.cc...
Parsing file /mnt/c/Users/brand/repos/tmp/leveldb/util/env_test.cc...
Preprocessing /mnt/c/Users/brand/repos/tmp/leveldb/util/env_windows.cc...
Parsing file /mnt/c/Users/brand/repos/tmp/leveldb/util/env_windows.cc...
Preprocessing /mnt/c/Users/brand/repos/tmp/leveldb/util/env_windows_test.cc...
Parsing file /mnt/c/Users/brand/repos/tmp/leveldb/util/env_windows_test.cc...
Preprocessing /mnt/c/Users/brand/repos/tmp/leveldb/util/env_windows_test_helper.h...
Parsing file /mnt/c/Users/brand/repos/tmp/leveldb/util/env_windows_test_helper.h...
Preprocessing /mnt/c/Users/brand/repos/tmp/leveldb/util/filter_policy.cc...
Parsing file /mnt/c/Users/brand/repos/tmp/leveldb/util/filter_policy.cc...
Preprocessing /mnt/c/Users/brand/repos/tmp/leveldb/util/hash.cc...
Parsing file /mnt/c/Users/brand/repos/tmp/leveldb/util/hash.cc...
Preprocessing /mnt/c/Users/brand/repos/tmp/leveldb/util/hash.h...
Parsing file /mnt/c/Users/brand/repos/tmp/leveldb/util/hash.h...
Preprocessing /mnt/c/Users/brand/repos/tmp/leveldb/util/hash_test.cc...
Parsing file /mnt/c/Users/brand/repos/tmp/leveldb/util/hash_test.cc...
Preprocessing /mnt/c/Users/brand/repos/tmp/leveldb/util/histogram.cc...
Parsing file /mnt/c/Users/brand/repos/tmp/leveldb/util/histogram.cc...
Preprocessing /mnt/c/Users/brand/repos/tmp/leveldb/util/histogram.h...
Parsing file /mnt/c/Users/brand/repos/tmp/leveldb/util/histogram.h...
Preprocessing /mnt/c/Users/brand/repos/tmp/leveldb/util/logging.cc...
Parsing file /mnt/c/Users/brand/repos/tmp/leveldb/util/logging.cc...
Preprocessing /mnt/c/Users/brand/repos/tmp/leveldb/util/logging.h...
Parsi/mnt/c/Users/brand/repos/tmp/leveldb/db/fault_injection_test.cc:359: warning: documented symbol 'Status leveldb::FileState::DropUnsyncedData' was not declared or defined.
/mnt/c/Users/brand/repos/tmp/leveldb/util/env_posix.cc:808: warning: documented symbol 'leveldb::PosixEnv::PosixEnv' was not declared or defined.
/mnt/c/Users/brand/repos/tmp/leveldb/util/env_posix.cc:814: warning: no uniquely matching class member found for 
  void leveldb::PosixEnv::Schedule(void(*background_work_function)(void *background_work_arg), void *background_work_arg)

/mnt/c/Users/brand/repos/tmp/leveldb/util/env_posix.cc:835: warning: documented symbol 'void leveldb::PosixEnv::BackgroundThreadMain' was not declared or defined.
ng file /mnt/c/Users/brand/repos/tmp/leveldb/util/logging.h...
Preprocessing /mnt/c/Users/brand/repos/tmp/leveldb/util/logging_test.cc...
Parsing file /mnt/c/Users/brand/repos/tmp/leveldb/util/logging_test.cc...
Preprocessing /mnt/c/Users/brand/repos/tmp/leveldb/util/mutexlock.h...
Parsing file /mnt/c/Users/brand/repos/tmp/leveldb/util/mutexlock.h...
Preprocessing /mnt/c/Users/brand/repos/tmp/leveldb/util/no_destructor.h...
Parsing file /mnt/c/Users/brand/repos/tmp/leveldb/util/no_destructor.h...
Preprocessing /mnt/c/Users/brand/repos/tmp/leveldb/util/no_destructor_test.cc...
Parsing file /mnt/c/Users/brand/repos/tmp/leveldb/util/no_destructor_test.cc...
Preprocessing /mnt/c/Users/brand/repos/tmp/leveldb/util/options.cc...
Parsing file /mnt/c/Users/brand/repos/tmp/leveldb/util/options.cc...
Preprocessing /mnt/c/Users/brand/repos/tmp/leveldb/util/posix_logger.h...
Parsing file /mnt/c/Users/brand/repos/tmp/leveldb/util/posix_logger.h...
Preprocessing /mnt/c/Users/brand/repos/tmp/leveldb/util/random.h...
Parsing file /mnt/c/Users/brand/repos/tmp/leveldb/util/random.h...
Preprocessing /mnt/c/Users/brand/repos/tmp/leveldb/util/status.cc...
Parsing file /mnt/c/Users/brand/repos/tmp/leveldb/util/status.cc...
Preprocessing /mnt/c/Users/brand/repos/tmp/leveldb/util/status_test.cc...
Parsing file /mnt/c/Users/brand/repos/tmp/leveldb/util/status_test.cc...
Preprocessing /mnt/c/Users/brand/repos/tmp/leveldb/util/windows_logger.h...
Parsing file /mnt/c/Users/brand/repos/tmp/leveldb/util/windows_logger.h...
Building macro definition list...
Building group list...
Building directory list...
Building namespace list...
Building file list...
Building class list...
Computing nesting relations for classes...
Associating documentation with classes...
Building example list...
Searching for enumerations...
Searching for documented typedefs...
Searching for members imported via using declarations...
Searching for included using directives...
Searching for documented variables...
Building interface member list...
Building member list...
Searching for friends...
Searching for documented defines...
Computing class inheritance relations...
Computing class usage relations...
Flushing cached template relations that have become invalid...
Computing class relations...
Add enum values to enums...
Searching for member function documentation...
Creating members for template instances...
Building page list...
Search for main page...
Computing page relations...
Determining the scope of groups...
Sorting lists...
Determining which enums are documented
Computing member relations...
Building full member lists recursively...
Adding members to member groups.
Computing member references...
Inheriting documentation...
Generating disk names...
Adding source references...
Adding xrefitems...
Sorting member lists...
Setting anonymous enum type...
Computing dependencies between directories...
Generating citations page...
Counting members...
Counting data structures...
Resolving user defined references...
Finding anchors and sections in the documentation...
Transferring function references...
Combining using relations...
Adding members to index pages...
Correcting members for VHDL...
Computing tooltip texts...
Generating style sheet...
Generating search indices...
Generating example documentation...
Generating file sources...
Parsing code for file mainpage.md...
Generating code for file /mnt/c/Users/brand/repos/tmp/leveldb/db/autocompact_test.cc...
Generating code for file /mnt/c/Users/brand/repos/tmp/leveldb/db/builder.cc...
Generating code for file /mnt/c/Users/brand/repos/tmp/leveldb/db/builder.h...
Generating code for file /mnt/c/Users/brand/repos/tmp/leveldb/db/c.cc...
Generating code for file /mnt/c/Users/brand/repos/tmp/leveldb/db/corruption_test.cc...
Generating code for file /mnt/c/Users/brand/repos/tmp/leveldb/db/db_impl.cc...
Generating code for file /mnt/c/Users/brand/repos/tmp/leveldb/db/db_impl.h...
Generating code for file /mnt/c/Users/brand/repos/tmp/leveldb/db/db_iter.cc...
Generating code for file /mnt/c/Users/brand/repos/tmp/leveldb/db/db_iter.h...
Generating code for file /mnt/c/Users/brand/repos/tmp/leveldb/db/db_test.cc...
Generating code for file /mnt/c/Users/brand/repos/tmp/leveldb/db/dbformat.cc...
Generating code for file /mnt/c/Users/brand/repos/tmp/leveldb/db/dbformat.h...
Generating code for file /mnt/c/Users/brand/repos/tmp/leveldb/db/dbformat_test.cc...
Generating code for file /mnt/c/Users/brand/repos/tmp/leveldb/db/dumpfile.cc...
Generating code for file /mnt/c/Users/brand/repos/tmp/leveldb/db/fault_injection_test.cc...
Generating code for file /mnt/c/Users/brand/repos/tmp/leveldb/db/filename.cc...
Generating code for file /mnt/c/Users/brand/repos/tmp/leveldb/db/filename.h...
Generating code for file /mnt/c/Users/brand/repos/tmp/leveldb/db/filename_test.cc...
Generating code for file /mnt/c/Users/brand/repos/tmp/leveldb/db/leveldbutil.cc...
Generating code for file /mnt/c/Users/brand/repos/tmp/leveldb/db/log_format.h...
Generating code for file /mnt/c/Users/brand/repos/tmp/leveldb/db/log_reader.cc...
Generating code for file /mnt/c/Users/brand/repos/tmp/leveldb/db/log_reader.h...
Generating code for file /mnt/c/Users/brand/repos/tmp/leveldb/db/log_test.cc...
Generating code for file /mnt/c/Users/brand/repos/tmp/leveldb/db/log_writer.cc...
Generating code for file /mnt/c/Users/brand/repos/tmp/leveldb/db/log_writer.h...
Generating code for file /mnt/c/Users/brand/repos/tmp/leveldb/db/memtable.cc...
Generating code for file /mnt/c/Users/brand/repos/tmp/leveldb/db/memtable.h...
Generating code for file /mnt/c/Users/brand/repos/tmp/leveldb/db/recovery_test.cc...
Generating code for file /mnt/c/Users/brand/repos/tmp/leveldb/db/repair.cc...
Generating code for file /mnt/c/Users/brand/repos/tmp/leveldb/db/skiplist.h...
Generating code for file /mnt/c/Users/brand/repos/tmp/leveldb/db/skiplist_test.cc...
Generating code for file /mnt/c/Users/brand/repos/tmp/leveldb/db/snapshot.h...
Generating code for file /mnt/c/Users/brand/repos/tmp/leveldb/db/table_cache.cc...
Generating code for file /mnt/c/Users/brand/repos/tmp/leveldb/db/table_cache.h...
Generating code for file /mnt/c/Users/brand/repos/tmp/leveldb/db/version_edit.cc...
Generating code for file /mnt/c/Users/brand/repos/tmp/leveldb/db/version_edit.h...
Generating code for file /mnt/c/Users/brand/repos/tmp/leveldb/db/version_edit_test.cc...
Generating code for file /mnt/c/Users/brand/repos/tmp/leveldb/db/version_set.cc...
Generating code for file /mnt/c/Users/brand/repos/tmp/leveldb/db/version_set.h...
Generating code for file /mnt/c/Users/brand/repos/tmp/leveldb/db/version_set_test.cc...
Generating code for file /mnt/c/Users/brand/repos/tmp/leveldb/db/write_batch.cc...
Generating code for file /mnt/c/Users/brand/repos/tmp/leveldb/db/write_batch_internal.h...
Generating code for file /mnt/c/Users/brand/repos/tmp/leveldb/db/write_batch_test.cc...
Generating code for file /mnt/c/Users/brand/repos/tmp/leveldb/include/leveldb/c.h...
Generating code for file /mnt/c/Users/brand/repos/tmp/leveldb/include/leveldb/cache.h...
Generating code for file /mnt/c/Users/brand/repos/tmp/leveldb/include/leveldb/comparator.h...
Generating code for file /mnt/c/Users/brand/repos/tmp/leveldb/include/leveldb/db.h...
Generating code for file /mnt/c/Users/brand/repos/tmp/leveldb/include/leveldb/dumpfile.h...
Generating code for file /mnt/c/Users/brand/repos/tmp/leveldb/include/leveldb/env.h...
Generating code for file /mnt/c/Users/brand/repos/tmp/leveldb/include/leveldb/export.h...
Generating code for file /mnt/c/Users/brand/repos/tmp/leveldb/include/leveldb/filter_policy.h...
Generating code for file /mnt/c/Users/brand/repos/tmp/leveldb/include/leveldb/iterator.h...
Generating code for file /mnt/c/Users/brand/repos/tmp/leveldb/include/leveldb/options.h...
Generating code for file /mnt/c/Users/brand/repos/tmp/leveldb/include/leveldb/slice.h...
Generating code for file /mnt/c/Users/brand/repos/tmp/leveldb/include/leveldb/status.h...
Generating code for file /mnt/c/Users/brand/repos/tmp/leveldb/include/leveldb/table.h...
Generating code for file /mnt/c/Users/brand/repos/tmp/leveldb/include/leveldb/table_builder.h...
Generating code for file /mnt/c/Users/brand/repos/tmp/leveldb/include/leveldb/write_batch.h...
Generating code for file /mnt/c/Users/brand/repos/tmp/leveldb/table/block.cc...
Generating code for file /mnt/c/Users/brand/repos/tmp/leveldb/table/block.h...
Generating code for file /mnt/c/Users/brand/repos/tmp/leveldb/table/block_builder.cc...
Generating code for file /mnt/c/Users/brand/repos/tmp/leveldb/table/block_builder.h...
Generating code for file /mnt/c/Users/brand/repos/tmp/leveldb/table/filter_block.cc...
Generating code for file /mnt/c/Users/brand/repos/tmp/leveldb/table/filter_block.h...
Generating code for file /mnt/c/Users/brand/repos/tmp/leveldb/table/filter_block_test.cc...
Generating code for file /mnt/c/Users/brand/repos/tmp/leveldb/table/format.cc...
Generating code for file /mnt/c/Users/brand/repos/tmp/leveldb/table/format.h...
Generating code for file /mnt/c/Users/brand/repos/tmp/leveldb/table/iterator.cc...
Generating code for file /mnt/c/Users/brand/repos/tmp/leveldb/table/iterator_wrapper.h...
Generating code for file /mnt/c/Users/brand/repos/tmp/leveldb/table/merger.cc...
Generating code for file /mnt/c/Users/brand/repos/tmp/leveldb/table/merger.h...
Generating code for file /mnt/c/Users/brand/repos/tmp/leveldb/table/table.cc...
Generating code for file /mnt/c/Users/brand/repos/tmp/leveldb/table/table_builder.cc...
Generating code for file /mnt/c/Users/brand/repos/tmp/leveldb/table/table_test.cc...
Generating code for file /mnt/c/Users/brand/repos/tmp/leveldb/table/two_level_iterator.cc...
Generating code for file /mnt/c/Users/brand/repos/tmp/leveldb/table/two_level_iterator.h...
Generating code for file /mnt/c/Users/brand/repos/tmp/leveldb/util/arena.cc...
Generating code for file /mnt/c/Users/brand/repos/tmp/leveldb/util/arena.h...
Generating code for file /mnt/c/Users/brand/repos/tmp/leveldb/util/arena_test.cc...
Generating code for file /mnt/c/Users/brand/repos/tmp/leveldb/util/bloom.cc...
Generating code for file /mnt/c/Users/brand/repos/tmp/leveldb/util/bloom_test.cc...
Generating code for file /mnt/c/Users/brand/repos/tmp/leveldb/util/cache.cc...
Generating code for file /mnt/c/Users/brand/repos/tmp/leveldb/util/cache_test.cc...
Generating code for file /mnt/c/Users/brand/repos/tmp/leveldb/util/coding.cc...
Generating code for file /mnt/c/Users/brand/repos/tmp/leveldb/util/coding.h...
Generating code for file /mnt/c/Users/brand/repos/tmp/leveldb/util/coding_test.cc...
Generating code for file /mnt/c/Users/brand/repos/tmp/leveldb/util/comparator.cc...
Generating code for file /mnt/c/Users/brand/repos/tmp/leveldb/util/crc32c.cc...
Generating code for file /mnt/c/Users/brand/repos/tmp/leveldb/util/crc32c.h...
Generating code for file /mnt/c/Users/brand/repos/tmp/leveldb/util/crc32c_test.cc...
Generating code for file /mnt/c/Users/brand/repos/tmp/leveldb/util/env.cc...
Generating code for file /mnt/c/Users/brand/repos/tmp/leveldb/util/env_posix.cc...
Generating code for file /mnt/c/Users/brand/repos/tmp/leveldb/util/env_posix_test.cc...
Generating code for file /mnt/c/Users/brand/repos/tmp/leveldb/util/env_posix_test_helper.h...
Generating code for file /mnt/c/Users/brand/repos/tmp/leveldb/util/env_test.cc...
Generating code for file /mnt/c/Users/brand/repos/tmp/leveldb/util/env_windows.cc...
Generating code for file /mnt/c/Users/brand/repos/tmp/leveldb/util/env_windows_test.cc...
Generating code for file /mnt/c/Users/brand/repos/tmp/leveldb/util/env_windows_test_helper.h...
Generating code for file /mnt/c/Users/brand/repos/tmp/leveldb/util/filter_policy.cc...
Generating code for file /mnt/c/Users/brand/repos/tmp/leveldb/util/hash.cc...
Generating code for file /mnt/c/Users/brand/repos/tmp/leveldb/util/hash.h...
Generating code for file /mnt/c/Users/brand/repos/tmp/leveldb/util/hash_test.cc...
Generating code for file /mnt/c/Users/brand/repos/tmp/leveldb/util/histogram.cc...
Generating code for file /mnt/c/Users/brand/repos/tmp/leveldb/util/histogram.h...
Generating code for file /mnt/c/Users/brand/repos/tmp/leveldb/util/logging.cc...
Generating code for file /mnt/c/Users/brand/repos/tmp/leveldb/util/logging.h...
Generating code for file /mnt/c/Users/brand/repos/tmp/leveldb/util/logging_test.cc...
Generating code for file /mnt/c/Users/brand/repos/tmp/leveldb/util/mutexlock.h...
Generating code for file /mnt/c/Users/brand/repos/tmp/leveldb/util/no_destructor.h...
Generating code for file /mnt/c/Users/brand/repos/tmp/leveldb/util/no_destructor_test.cc...
Generating code for file /mnt/c/Users/brand/repos/tmp/leveldb/util/options.cc...
Generating code for file /mnt/c/Users/brand/repos/tmp/leveldb/util/posix_logger.h...
Generating code for file /mnt/c/Users/brand/repos/tmp/leveldb/util/random.h...
Generating code for file /mnt/c/Users/brand/repos/tmp/leveldb/util/status.cc...
Generating code for file /mnt/c/Users/brand/repos/tmp/leveldb/util/status_test.cc...
Generating code for file /mnt/c/Users/brand/repos/tmp/leveldb/util/windows_logger.h...
Generating file documentation...
Generating docs for file mainpage.md...
Generating docs for file /mnt/c/Users/brand/repos/tmp/leveldb/db/autocompact_test.cc...
Generating docs for file /mnt/c/Users/brand/repos/tmp/leveldb/db/builder.cc...
Generating docs for file /mnt/c/Users/brand/repos/tmp/leveldb/db/builder.h...
Generating docs for file /mnt/c/Users/brand/repos/tmp/leveldb/db/c.cc...
Generating caller graph for function CopyString
Generating call graph for function leveldb_approximate_sizes
Generating call graph for function leveldb_cache_create_lru
Generating call graph for function leveldb_compact_range
Generating call graph for function leveldb_create_iterator
Generating call graph for function leveldb_create_snapshot
Generating call graph for function leveldb_delete
Generating call graph for function leveldb_destroy_db
Generating call graph for function leveldb_env_get_test_directory
Generating call graph for function leveldb_filterpolicy_create_bloom
Generating call graph for function leveldb_get
Generating call graph for function leveldb_iter_get_error
Generating call graph for function leveldb_iter_key
Generating call graph for function leveldb_iter_next
Generating call graph for function leveldb_iter_prev
Generating call graph for function leveldb_iter_seek
Generating call graph for function leveldb_iter_seek_to_first
Generating call graph for function leveldb_iter_seek_to_last
Generating call graph for function leveldb_iter_valid
Generating call graph for function leveldb_iter_value
Generating call graph for function leveldb_open
Generating call graph for function leveldb_property_value
Generating call graph for function leveldb_put
Generating call graph for function leveldb_release_snapshot
Generating call graph for function leveldb_repair_db
Generating call graph for function leveldb_write
Generating call graph for function leveldb_writebatch_append
Generating call graph for function leveldb_writebatch_iterate
Generating call graph for function SaveError
Generating caller graph for function SaveError
Generating docs for file /mnt/c/Users/brand/repos/tmp/leveldb/db/corruption_test.cc...
Generating docs for file /mnt/c/Users/brand/repos/tmp/leveldb/db/db_impl.cc...
Generating docs for file /mnt/c/Users/brand/repos/tmp/leveldb/db/db_impl.h...
Generating docs for file /mnt/c/Users/brand/repos/tmp/leveldb/db/db_iter.cc...
Generating docs for file /mnt/c/Users/brand/repos/tmp/leveldb/db/db_iter.h...
Generating docs for file /mnt/c/Users/brand/repos/tmp/leveldb/db/db_test.cc...
Generating docs for file /mnt/c/Users/brand/repos/tmp/leveldb/db/dbformat.cc...
Generating docs for file /mnt/c/Users/brand/repos/tmp/leveldb/db/dbformat.h...
Generating docs for file /mnt/c/Users/brand/repos/tmp/leveldb/db/dbformat_test.cc...
Generating docs for file /mnt/c/Users/brand/repos/tmp/leveldb/db/dumpfile.cc...
Generating docs for file /mnt/c/Users/brand/repos/tmp/leveldb/db/fault_injection_test.cc...
Generating docs for file /mnt/c/Users/brand/repos/tmp/leveldb/db/filename.cc...
Generating docs for file /mnt/c/Users/brand/repos/tmp/leveldb/db/filename.h...
Generating docs for file /mnt/c/Users/brand/repos/tmp/leveldb/db/filename_test.cc...
Generating docs for file /mnt/c/Users/brand/repos/tmp/leveldb/db/leveldbutil.cc...
Generating call graph for function main
Generating caller graph for function Usage
Generating docs for file /mnt/c/Users/brand/repos/tmp/leveldb/db/log_format.h...
Generating docs for file /mnt/c/Users/brand/repos/tmp/leveldb/db/log_reader.cc...
Generating docs for file /mnt/c/Users/brand/repos/tmp/leveldb/db/log_reader.h...
Generating docs for file /mnt/c/Users/brand/repos/tmp/leveldb/db/log_test.cc...
Generating docs for file /mnt/c/Users/brand/repos/tmp/leveldb/db/log_writer.cc...
Generating docs for file /mnt/c/Users/brand/repos/tmp/leveldb/db/log_writer.h...
Generating docs for file /mnt/c/Users/brand/repos/tmp/leveldb/db/memtable.cc...
Generating docs for file /mnt/c/Users/brand/repos/tmp/leveldb/db/memtable.h...
Generating docs for file /mnt/c/Users/brand/repos/tmp/leveldb/db/recovery_test.cc...
Generating docs for file /mnt/c/Users/brand/repos/tmp/leveldb/db/repair.cc...
Generating docs for file /mnt/c/Users/brand/repos/tmp/leveldb/db/skiplist.h...
Generating docs for file /mnt/c/Users/brand/repos/tmp/leveldb/db/skiplist_test.cc...
Generating docs for file /mnt/c/Users/brand/repos/tmp/leveldb/db/snapshot.h...
Generating docs for file /mnt/c/Users/brand/repos/tmp/leveldb/db/table_cache.cc...
Generating docs for file /mnt/c/Users/brand/repos/tmp/leveldb/db/table_cache.h...
Generating docs for file /mnt/c/Users/brand/repos/tmp/leveldb/db/version_edit.cc...
Generating docs for file /mnt/c/Users/brand/repos/tmp/leveldb/db/version_edit.h...
Generating docs for file /mnt/c/Users/brand/repos/tmp/leveldb/db/version_edit_test.cc...
Generating docs for file /mnt/c/Users/brand/repos/tmp/leveldb/db/version_set.cc...
Generating docs for file /mnt/c/Users/brand/repos/tmp/leveldb/db/version_set.h...
Generating docs for file /mnt/c/Users/brand/repos/tmp/leveldb/db/version_set_test.cc...
Generating docs for file /mnt/c/Users/brand/repos/tmp/leveldb/db/write_batch.cc...
Generating docs for file /mnt/c/Users/brand/repos/tmp/leveldb/db/write_batch_internal.h...
Generating docs for file /mnt/c/Users/brand/repos/tmp/leveldb/db/write_batch_test.cc...
Generating docs for file /mnt/c/Users/brand/repos/tmp/leveldb/include/leveldb/c.h...
Generating call graph for function leveldb_approximate_sizes
Generating call graph for function leveldb_cache_create_lru
Generating call graph for function leveldb_compact_range
Generating call graph for function leveldb_create_iterator
Generating call graph for function leveldb_create_snapshot
Generating call graph for function leveldb_delete
Generating call graph for function leveldb_destroy_db
Generating call graph for function leveldb_env_get_test_directory
Generating call graph for function leveldb_filterpolicy_create_bloom
Generating call graph for function leveldb_get
Generating call graph for function leveldb_iter_get_error
Generating call graph for function leveldb_iter_key
Generating call graph for function leveldb_iter_next
Generating call graph for function leveldb_iter_prev
Generating call graph for function leveldb_iter_seek
Generating call graph for function leveldb_iter_seek_to_first
Generating call graph for function leveldb_iter_seek_to_last
Generating call graph for function leveldb_iter_valid
Generating call graph for function leveldb_iter_value
Generating call graph for function leveldb_open
Generating call graph for function leveldb_property_value
Generating call graph for function leveldb_put
Generating call graph for function leveldb_release_snapshot
Generating call graph for function leveldb_repair_db
Generating call graph for function leveldb_write
Generating call graph for function leveldb_writebatch_append
Generating call graph for function leveldb_writebatch_iterate
Generating docs for file /mnt/c/Users/brand/repos/tmp/leveldb/include/leveldb/cache.h...
Generating docs for file /mnt/c/Users/brand/repos/tmp/leveldb/include/leveldb/comparator.h...
Generating docs for file /mnt/c/Users/brand/repos/tmp/leveldb/include/leveldb/db.h...
Generating docs for file /mnt/c/Users/brand/repos/tmp/leveldb/include/leveldb/dumpfile.h...
Generating docs for file /mnt/c/Users/brand/repos/tmp/leveldb/include/leveldb/env.h...
Generating docs for file /mnt/c/Users/brand/repos/tmp/leveldb/include/leveldb/export.h...
Generating docs for file /mnt/c/Users/brand/repos/tmp/leveldb/include/leveldb/filter_policy.h...
Generating docs for file /mnt/c/Users/brand/repos/tmp/leveldb/include/leveldb/iterator.h...
Generating docs for file /mnt/c/Users/brand/repos/tmp/leveldb/include/leveldb/options.h...
Generating docs for file /mnt/c/Users/brand/repos/tmp/leveldb/include/leveldb/slice.h...
Generating docs for file /mnt/c/Users/brand/repos/tmp/leveldb/include/leveldb/status.h...
Generating docs for file /mnt/c/Users/brand/repos/tmp/leveldb/include/leveldb/table.h...
Generating docs for file /mnt/c/Users/brand/repos/tmp/leveldb/include/leveldb/table_builder.h...
Generating docs for file /mnt/c/Users/brand/repos/tmp/leveldb/include/leveldb/write_batch.h...
Generating docs for file /mnt/c/Users/brand/repos/tmp/leveldb/table/block.cc...
Generating docs for file /mnt/c/Users/brand/repos/tmp/leveldb/table/block.h...
Generating docs for file /mnt/c/Users/brand/repos/tmp/leveldb/table/block_builder.cc...
Generating docs for file /mnt/c/Users/brand/repos/tmp/leveldb/table/block_builder.h...
Generating docs for file /mnt/c/Users/brand/repos/tmp/leveldb/table/filter_block.cc...
Generating docs for file /mnt/c/Users/brand/repos/tmp/leveldb/table/filter_block.h...
Generating docs for file /mnt/c/Users/brand/repos/tmp/leveldb/table/filter_block_test.cc...
Generating docs for file /mnt/c/Users/brand/repos/tmp/leveldb/table/format.cc...
Generating docs for file /mnt/c/Users/brand/repos/tmp/leveldb/table/format.h...
Generating docs for file /mnt/c/Users/brand/repos/tmp/leveldb/table/iterator.cc...
Generating docs for file /mnt/c/Users/brand/repos/tmp/leveldb/table/iterator_wrapper.h...
Generating docs for file /mnt/c/Users/brand/repos/tmp/leveldb/table/merger.cc...
Generating docs for file /mnt/c/Users/brand/repos/tmp/leveldb/table/merger.h...
Generating docs for file /mnt/c/Users/brand/repos/tmp/leveldb/table/table.cc...
Generating docs for file /mnt/c/Users/brand/repos/tmp/leveldb/table/table_builder.cc...
Generating docs for file /mnt/c/Users/brand/repos/tmp/leveldb/table/table_test.cc...
Generating docs for file /mnt/c/Users/brand/repos/tmp/leveldb/table/two_level_iterator.cc...
Generating docs for file /mnt/c/Users/brand/repos/tmp/leveldb/table/two_level_iterator.h...
Generating docs for file /mnt/c/Users/brand/repos/tmp/leveldb/util/arena.cc...
Generating docs for file /mnt/c/Users/brand/repos/tmp/leveldb/util/arena.h...
Generating docs for file /mnt/c/Users/brand/repos/tmp/leveldb/util/arena_test.cc...
Generating docs for file /mnt/c/Users/brand/repos/tmp/leveldb/util/bloom.cc...
Generating docs for file /mnt/c/Users/brand/repos/tmp/leveldb/util/bloom_test.cc...
Generating docs for file /mnt/c/Users/brand/repos/tmp/leveldb/util/cache.cc...
Generating docs for file /mnt/c/Users/brand/repos/tmp/leveldb/util/cache_test.cc...
Generating docs for file /mnt/c/Users/brand/repos/tmp/leveldb/util/coding.cc...
Generating docs for file /mnt/c/Users/brand/repos/tmp/leveldb/util/coding.h...
Generating docs for file /mnt/c/Users/brand/repos/tmp/leveldb/util/coding_test.cc...
Generating docs for file /mnt/c/Users/brand/repos/tmp/leveldb/util/comparator.cc...
Generating docs for file /mnt/c/Users/brand/repos/tmp/leveldb/util/crc32c.cc...
Generating docs for file /mnt/c/Users/brand/repos/tmp/leveldb/util/crc32c.h...
Generating docs for file /mnt/c/Users/brand/repos/tmp/leveldb/util/crc32c_test.cc...
Generating docs for file /mnt/c/Users/brand/repos/tmp/leveldb/util/env.cc...
Generating docs for file /mnt/c/Users/brand/repos/tmp/leveldb/util/env_posix.cc...
Generating docs for file /mnt/c/Users/brand/repos/tmp/leveldb/util/env_posix_test.cc...
Generating call graph for function main
Generating docs for file /mnt/c/Users/brand/repos/tmp/leveldb/util/env_posix_test_helper.h...
Generating docs for file /mnt/c/Users/brand/repos/tmp/leveldb/util/env_test.cc...
Generating docs for file /mnt/c/Users/brand/repos/tmp/leveldb/util/env_windows.cc...
Generating docs for file /mnt/c/Users/brand/repos/tmp/leveldb/util/env_windows_test.cc...
Generating call graph for function main
Generating docs for file /mnt/c/Users/brand/repos/tmp/leveldb/util/env_windows_test_helper.h...
Generating docs for file /mnt/c/Users/brand/repos/tmp/leveldb/util/filter_policy.cc...
Generating docs for file /mnt/c/Users/brand/repos/tmp/leveldb/util/hash.cc...
Generating docs for file /mnt/c/Users/brand/repos/tmp/leveldb/util/hash.h...
Generating docs for file /mnt/c/Users/brand/repos/tmp/leveldb/util/hash_test.cc...
Generating docs for file /mnt/c/Users/brand/repos/tmp/leveldb/util/histogram.cc...
Generating docs for file /mnt/c/Users/brand/repos/tmp/leveldb/util/histogram.h...
Generating docs for file /mnt/c/Users/brand/repos/tmp/leveldb/util/logging.cc...
Generating docs for file /mnt/c/Users/brand/repos/tmp/leveldb/util/logging.h...
Generating docs for file /mnt/c/Users/brand/repos/tmp/leveldb/util/logging_test.cc...
Generating docs for file /mnt/c/Users/brand/repos/tmp/leveldb/util/mutexlock.h...
Generating docs for file /mnt/c/Users/brand/repos/tmp/leveldb/util/no_destructor.h...
Generating docs for file /mnt/c/Users/brand/repos/tmp/leveldb/util/no_destructor_test.cc...
Generating docs for file /mnt/c/Users/brand/repos/tmp/leveldb/util/options.cc...
Generating docs for file /mnt/c/Users/brand/repos/tmp/leveldb/util/posix_logger.h...
Generating docs for file /mnt/c/Users/brand/repos/tmp/leveldb/util/random.h...
Generating docs for file /mnt/c/Users/brand/repos/tmp/leveldb/util/status.cc...
Generating docs for file /mnt/c/Users/brand/repos/tmp/leveldb/util/status_test.cc...
Generating docs for file /mnt/c/Users/brand/repos/tmp/leveldb/util/windows_logger.h...
Generating page documentation...
Generating group documentation...
Generating class documentation...
Generating docs for compound leveldb_cache_t...
Generating docs for compound leveldb_comparator_t...
Generating docs for compound leveldb_env_t...
Generating docs for compound leveldb_filelock_t...
Generating docs for compound leveldb_filterpolicy_t...
Generating call graph for function leveldb_filterpolicy_t::CreateFilter
Generating caller graph for function leveldb_filterpolicy_t::CreateFilter
Generating call graph for function leveldb_filterpolicy_t::KeyMayMatch
Generating caller graph for function leveldb_filterpolicy_t::KeyMayMatch
Generating caller graph for function leveldb_filterpolicy_t::Name
Generating docs for compound leveldb_iterator_t...
Generating docs for compound leveldb_logger_t...
Generating docs for compound leveldb_options_t...
Generating docs for compound leveldb_randomfile_t...
Generating docs for compound leveldb_readoptions_t...
Generating docs for compound leveldb_seqfile_t...
Generating docs for compound leveldb_snapshot_t...
Generating docs for compound leveldb_t...
Generating docs for compound leveldb_writablefile_t...
Generating docs for compound leveldb_writebatch_t...
Generating docs for compound leveldb_writeoptions_t...
Generating namespace index...
Generating docs for namespace leveldb
Generating call graph for function leveldb::AddBoundaryInputs
Generating caller graph for function leveldb::AddBoundaryInputs
Generating call graph for function leveldb::AfterFile
Generating caller graph for function leveldb::AfterFile
Generating caller graph for function leveldb::AppendEscapedStringTo
Generating call graph for function leveldb::AppendInternalKey
Generating caller graph for function leveldb::AppendInternalKey
Generating caller graph for function leveldb::AppendNumberTo
Generating call graph for function leveldb::BeforeFile
Generating caller graph for function leveldb::BeforeFile
Generating caller graph for function leveldb::Between
Generating call graph for function leveldb::BuildTable
Generating call graph for function leveldb::BytewiseComparator
Generating caller graph for function leveldb::BytewiseComparator
Generating caller graph for function leveldb::ClipToRange
Generating call graph for function leveldb::CompareIterators
Generating call graph for function leveldb::CompressionSupported
Generating caller graph for function leveldb::CompressionSupported
Generating caller graph for function leveldb::ConcurrentReader
Generating call graph for function leveldb::ConsumeDecimalNumber
Generating caller graph for function leveldb::ConsumeDecimalNumber
Generating call graph for function leveldb::ConsumeDecimalNumberNoDigitsTest
Generating caller graph for function leveldb::ConsumeDecimalNumberNoDigitsTest
Generating call graph for function leveldb::ConsumeDecimalNumberOverflowTest
Generating caller graph for function leveldb::ConsumeDecimalNumberOverflowTest
Generating call graph for function leveldb::ConsumeDecimalNumberRoundtripTest
Generating caller graph for function leveldb::ConsumeDecimalNumberRoundtripTest
Generating caller graph for function leveldb::CurrentFileName
Generating call graph for function leveldb::DecodeEntry
Generating caller graph for function leveldb::DecodeEntry
Generating caller graph for function leveldb::DecodeFixed32
Generating caller graph for function leveldb::DecodeFixed64
Generating call graph for function leveldb::DecodeKey
Generating caller graph for function leveldb::DecodeKey
Generating caller graph for function leveldb::DecodeValue
Generating caller graph for function leveldb::DescriptorFileName
Generating call graph for function leveldb::DestroyDB
Generating caller graph for function leveldb::DestroyDB
Generating call graph for function leveldb::DoWriteStringToFile
Generating caller graph for function leveldb::DoWriteStringToFile
Generating call graph for function leveldb::DumpFile
Generating caller graph for function leveldb::EncodeFixed32
Generating caller graph for function leveldb::EncodeFixed64
Generating call graph for function leveldb::EncodeKey
Generating call graph for function leveldb::EncodeKey
Generating caller graph for function leveldb::EncodeKey
Generating caller graph for function leveldb::EncodeValue
Generating caller graph for function leveldb::EncodeVarint32
Generating caller graph for function leveldb::EncodeVarint64
Generating call graph for function leveldb::EscapeString
Generating caller graph for function leveldb::EscapeString
Generating call graph for function leveldb::ExpandedCompactionByteSizeLimit
Generating call graph for function leveldb::ExtractUserKey
Generating caller graph for function leveldb::ExtractUserKey
Generating call graph for function leveldb::FindFile
Generating caller graph for function leveldb::FindFile
Generating call graph for function leveldb::FindLargestKey
Generating caller graph for function leveldb::FindLargestKey
Generating call graph for function leveldb::FindSmallestBoundaryFile
Generating caller graph for function leveldb::FindSmallestBoundaryFile
Generating call graph for function leveldb::GetFileIterator
Generating caller graph for function leveldb::GetFileIterator
Generating call graph for function leveldb::GetInternalKey
Generating caller graph for function leveldb::GetInternalKey
Generating call graph for function leveldb::GetLengthPrefixedSlice
Generating caller graph for function leveldb::GetLengthPrefixedSlice
Generating call graph for function leveldb::GetLengthPrefixedSlice
Generating call graph for function leveldb::GetLevel
Generating caller graph for function leveldb::GetLevel
Generating call graph for function leveldb::GetVarint32
Generating caller graph for function leveldb::GetVarint32
Generating call graph for function leveldb::GetVarint32Ptr
Generating caller graph for function leveldb::GetVarint32Ptr
Generating caller graph for function leveldb::GetVarint32PtrFallback
Generating call graph for function leveldb::GetVarint64
Generating caller graph for function leveldb::GetVarint64
Generating caller graph for function leveldb::GetVarint64Ptr
Generating call graph for function leveldb::Hash
Generating caller graph for function leveldb::Hash
Generating call graph for function leveldb::IKey
Generating caller graph for function leveldb::IKey
Generating call graph for function leveldb::Increment
Generating caller graph for function leveldb::Increment
Generating caller graph for function leveldb::InfoLogFileName
Generating call graph for function leveldb::InternalKeyEncodingLength
Generating call graph for function leveldb::Key
Generating caller graph for function leveldb::LockFileName
Generating call graph for function leveldb::Log
Generating caller graph for function leveldb::Log
Generating call graph for function leveldb::LogFileName
Generating caller graph for function leveldb::LogFileName
Generating caller graph for function leveldb::MakeFileName
Generating call graph for function leveldb::MaxFileSizeForLevel
Generating caller graph for function leveldb::MaxFileSizeForLevel
Generating call graph for function leveldb::MaxGrandParentOverlapBytes
Generating caller graph for function leveldb::MaxGrandParentOverlapBytes
Generating caller graph for function leveldb::NewBloomFilterPolicy
Generating caller graph for function leveldb::NewDBIterator
Generating call graph for function leveldb::NewEmptyIterator
Generating caller graph for function leveldb::NewEmptyIterator
Generating caller graph for function leveldb::NewErrorIterator
Generating caller graph for function leveldb::NewLRUCache
Generating call graph for function leveldb::NewMergingIterator
Generating caller graph for function leveldb::NewMergingIterator
Generating caller graph for function leveldb::NewTwoLevelIterator
Generating caller graph for function leveldb::NextLength
Generating call graph for function leveldb::NumberToString
Generating caller graph for function leveldb::NumberToString
Generating caller graph for function leveldb::OldInfoLogFileName
Generating call graph for function leveldb::operator==
Generating caller graph for function leveldb::PackSequenceAndType
Generating call graph for function leveldb::ParseFileName
Generating caller graph for function leveldb::ParseFileName
Generating call graph for function leveldb::ParseInternalKey
Generating caller graph for function leveldb::ParseInternalKey
Generating call graph for function leveldb::PrintContents
Generating caller graph for function leveldb::PrintContents
Generating call graph for function leveldb::PutFixed32
Generating caller graph for function leveldb::PutFixed32
Generating call graph for function leveldb::PutFixed64
Generating caller graph for function leveldb::PutFixed64
Generating call graph for function leveldb::PutLengthPrefixedSlice
Generating caller graph for function leveldb::PutLengthPrefixedSlice
Generating call graph for function leveldb::PutVarint32
Generating caller graph for function leveldb::PutVarint32
Generating call graph for function leveldb::PutVarint64
Generating caller graph for function leveldb::PutVarint64
Generating call graph for function leveldb::RandomKey
Generating caller graph for function leveldb::RandomKey
Generating caller graph for function leveldb::RandomString
Generating call graph for function leveldb::ReadBlock
Generating caller graph for function leveldb::ReadBlock
Generating call graph for function leveldb::ReadFileToString
Generating caller graph for function leveldb::ReadFileToString
Generating call graph for function leveldb::ReleaseBlock
Generating caller graph for function leveldb::RepairDB
Generating call graph for function leveldb::Reverse
Generating caller graph for function leveldb::Reverse
Generating call graph for function leveldb::RunConcurrent
Generating caller graph for function leveldb::RunConcurrent
Generating call graph for function leveldb::SanitizeOptions
Generating call graph for function leveldb::SaveValue
Generating caller graph for function leveldb::SaveValue
Generating call graph for function leveldb::SetCurrentFile
Generating caller graph for function leveldb::SetCurrentFile
Generating call graph for function leveldb::Shorten
Generating caller graph for function leveldb::Shorten
Generating call graph for function leveldb::ShortSuccessor
Generating caller graph for function leveldb::ShortSuccessor
Generating call graph for function leveldb::SomeFileOverlapsRange
Generating caller graph for function leveldb::SomeFileOverlapsRange
Generating call graph for function leveldb::SSTTableFileName
Generating caller graph for function leveldb::SSTTableFileName
Generating call graph for function leveldb::TableFileName
Generating caller graph for function leveldb::TableFileName
Generating caller graph for function leveldb::TargetFileSize
Generating call graph for function leveldb::TempFileName
Generating caller graph for function leveldb::TempFileName
Generating call graph for function leveldb::TEST
Generating call graph for function leveldb::TEST
Generating call graph for function leveldb::TEST
Generating call graph for function leveldb::TEST
Generating call graph for function leveldb::TEST
Generating call graph for function leveldb::TEST
Generating call graph for function leveldb::TEST
Generating call graph for function leveldb::TEST
Generating call graph for function leveldb::TEST
Generating call graph for function leveldb::TEST
Generating call graph for function leveldb::TEST
Generating call graph for function leveldb::TEST
Generating call graph for function leveldb::TEST
Generating call graph for function leveldb::TEST
Generating call graph for function leveldb::TEST
Generating call graph for function leveldb::TEST
Generating call graph for function leveldb::TEST
Generating call graph for function leveldb::TEST
Generating call graph for function leveldb::TEST
Generating call graph for function leveldb::TEST
Generating call graph for function leveldb::TEST
Generating call graph for function leveldb::TEST
Generating call graph for function leveldb::TEST
Generating call graph for function leveldb::TEST
Generating call graph for function leveldb::TEST
Generating call graph for function leveldb::TEST
Generating call graph for function leveldb::TEST
Generating call graph for function leveldb::TEST
Generating call graph for function leveldb::TEST
Generating call graph for function leveldb::TEST
Generating call graph for function leveldb::TEST
Generating call graph for function leveldb::TEST
Generating call graph for function leveldb::TEST
Generating call graph for function leveldb::TEST
Generating call graph for function leveldb::TEST
Generating call graph for function leveldb::TEST
Generating call graph for function leveldb::TEST
Generating call graph for function leveldb::TEST
Generating call graph for function leveldb::TEST
Generating call graph for function leveldb::TEST
Generating call graph for function leveldb::TEST
Generating call graph for function leveldb::TEST
Generating call graph for function leveldb::TEST
Generating call graph for function leveldb::TEST_F
Generating call graph for function leveldb::TEST_F
Generating call graph for function leveldb::TEST_F
Generating call graph for function leveldb::TEST_F
Generating call graph for function leveldb::TEST_F
Generating call graph for function leveldb::TEST_F
Generating call graph for function leveldb::TEST_F
Generating call graph for function leveldb::TEST_F
Generating call graph for function leveldb::TEST_F
Generating call graph for function leveldb::TEST_F
Generating call graph for function leveldb::TEST_F
Generating call graph for function leveldb::TEST_F
Generating call graph for function leveldb::TEST_F
Generating call graph for function leveldb::TEST_F
Generating call graph for function leveldb::TEST_F
Generating call graph for function leveldb::TEST_F
Generating call graph for function leveldb::TEST_F
Generating call graph for function leveldb::TEST_F
Generating call graph for function leveldb::TEST_F
Generating call graph for function leveldb::TEST_F
Generating call graph for function leveldb::TEST_F
Generating call graph for function leveldb::TEST_F
Generating call graph for function leveldb::TEST_F
Generating call graph for function leveldb::TEST_F
Generating call graph for function leveldb::TEST_F
Generating call graph for function leveldb::TEST_F
Generating call graph for function leveldb::TEST_F
Generating call graph for function leveldb::TEST_F
Generating call graph for function leveldb::TEST_F
Generating call graph for function leveldb::TEST_F
Generating call graph for function leveldb::TEST_F
Generating call graph for function leveldb::TEST_F
Generating call graph for function leveldb::TEST_F
Generating call graph for function leveldb::TEST_F
Generating call graph for function leveldb::TEST_P
Generating call graph for function leveldb::TestEncodeDecode
Generating caller graph for function leveldb::TestEncodeDecode
Generating call graph for function leveldb::TestKey
Generating caller graph for function leveldb::TestKey
Generating caller graph for function leveldb::TotalFileSize
Generating call graph for function leveldb::UnrefEntry
Generating caller graph for function leveldb::UnrefEntry
Generating caller graph for function leveldb::VarintLength
Generating call graph for function leveldb::WriteStringToFile
Generating caller graph for function leveldb::WriteStringToFile
Generating call graph for function leveldb::WriteStringToFileSync
Generating caller graph for function leveldb::WriteStringToFileSync
Generating docs for compound leveldb::Cache...
Generating caller graph for function leveldb::Cache::Erase
Generating caller graph for function leveldb::Cache::Insert
Generating caller graph for function leveldb::Cache::Lookup
Generating caller graph for function leveldb::Cache::NewId
Generating caller graph for function leveldb::Cache::Release
Generating caller graph for function leveldb::Cache::TotalCharge
Generating caller graph for function leveldb::Cache::Value
Generating docs for nested compound leveldb::Cache::Handle...
Generating docs for compound leveldb::Comparator...
Generating caller graph for function leveldb::Comparator::Compare
Generating caller graph for function leveldb::Comparator::FindShortestSeparator
Generating caller graph for function leveldb::Comparator::FindShortSuccessor
Generating caller graph for function leveldb::Comparator::Name
Generating docs for compound leveldb::Snapshot...
Generating docs for compound leveldb::Range...
Generating docs for compound leveldb::DB...
Generating caller graph for function leveldb::DB::CompactRange
Generating call graph for function leveldb::DB::Delete
Generating caller graph for function leveldb::DB::Delete
Generating caller graph for function leveldb::DB::Get
Generating caller graph for function leveldb::DB::GetApproximateSizes
Generating caller graph for function leveldb::DB::GetProperty
Generating caller graph for function leveldb::DB::GetSnapshot
Generating caller graph for function leveldb::DB::NewIterator
Generating call graph for function leveldb::DB::Open
Generating caller graph for function leveldb::DB::Open
Generating call graph for function leveldb::DB::Put
Generating caller graph for function leveldb::DB::Put
Generating caller graph for function leveldb::DB::ReleaseSnapshot
Generating caller graph for function leveldb::DB::Write
Generating docs for compound leveldb::Env...
Generating caller graph for function leveldb::Env::CreateDir
Generating caller graph for function leveldb::Env::Default
Generating call graph for function leveldb::Env::DeleteDir
Generating caller graph for function leveldb::Env::DeleteDir
Generating call graph for function leveldb::Env::DeleteFile
Generating caller graph for function leveldb::Env::DeleteFile
Generating caller graph for function leveldb::Env::GetChildren
Generating caller graph for function leveldb::Env::GetFileSize
Generating caller graph for function leveldb::Env::GetTestDirectory
Generating caller graph for function leveldb::Env::LockFile
Generating call graph for function leveldb::Env::NewAppendableFile
Generating caller graph for function leveldb::Env::NewAppendableFile
Generating caller graph for function leveldb::Env::NewLogger
Generating caller graph for function leveldb::Env::NewRandomAccessFile
Generating caller graph for function leveldb::Env::NewSequentialFile
Generating caller graph for function leveldb::Env::NewWritableFile
Generating call graph for function leveldb::Env::RemoveDir
Generating caller graph for function leveldb::Env::RemoveDir
Generating call graph for function leveldb::Env::RemoveFile
Generating caller graph for function leveldb::Env::RemoveFile
Generating caller graph for function leveldb::Env::RenameFile
Generating caller graph for function leveldb::Env::Schedule
Generating caller graph for function leveldb::Env::SleepForMicroseconds
Generating caller graph for function leveldb::Env::UnlockFile
Generating docs for compound leveldb::SequentialFile...
Generating caller graph for function leveldb::SequentialFile::Read
Generating docs for compound leveldb::RandomAccessFile...
Generating caller graph for function leveldb::RandomAccessFile::Read
Generating docs for compound leveldb::WritableFile...
Generating caller graph for function leveldb::WritableFile::Append
Generating caller graph for function leveldb::WritableFile::Close
Generating caller graph for function leveldb::WritableFile::Flush
Generating caller graph for function leveldb::WritableFile::Sync
Generating docs for compound leveldb::Logger...
Generating caller graph for function leveldb::Logger::Logv
Generating docs for compound leveldb::FileLock...
Generating docs for compound leveldb::EnvWrapper...
Generating caller graph for function leveldb::EnvWrapper::CreateDir
Generating caller graph for function leveldb::EnvWrapper::FileExists
Generating caller graph for function leveldb::EnvWrapper::GetChildren
Generating caller graph for function leveldb::EnvWrapper::RemoveDir
Generating caller graph for function leveldb::EnvWrapper::RemoveFile
Generating caller graph for function leveldb::EnvWrapper::RenameFile
Generating caller graph for function leveldb::EnvWrapper::target
Generating docs for compound leveldb::FilterPolicy...
Generating caller graph for function leveldb::FilterPolicy::CreateFilter
Generating caller graph for function leveldb::FilterPolicy::KeyMayMatch
Generating caller graph for function leveldb::FilterPolicy::Name
Generating docs for compound leveldb::Iterator...
Generating caller graph for function leveldb::Iterator::key
Generating caller graph for function leveldb::Iterator::Next
Generating caller graph for function leveldb::Iterator::Prev
Generating caller graph for function leveldb::Iterator::RegisterCleanup
Generating caller graph for function leveldb::Iterator::Seek
Generating caller graph for function leveldb::Iterator::SeekToFirst
Generating caller graph for function leveldb::Iterator::SeekToLast
Generating caller graph for function leveldb::Iterator::status
Generating caller graph for function leveldb::Iterator::Valid
Generating caller graph for function leveldb::Iterator::value
Generating docs for compound leveldb::Options...
Generating docs for compound leveldb::ReadOptions...
Generating docs for compound leveldb::WriteOptions...
Generating docs for compound leveldb::Slice...
Generating caller graph for function leveldb::Slice::clear
Generating caller graph for function leveldb::Slice::compare
Generating caller graph for function leveldb::Slice::data
Generating caller graph for function leveldb::Slice::empty
Generating caller graph for function leveldb::Slice::remove_prefix
Generating caller graph for function leveldb::Slice::size
Generating caller graph for function leveldb::Slice::starts_with
Generating caller graph for function leveldb::Slice::ToString
Generating docs for compound leveldb::Status...
Generating caller graph for function leveldb::Status::Corruption
Generating caller graph for function leveldb::Status::InvalidArgument
Generating caller graph for function leveldb::Status::IOError
Generating caller graph for function leveldb::Status::IsCorruption
Generating caller graph for function leveldb::Status::IsIOError
Generating caller graph for function leveldb::Status::IsNotFound
Generating caller graph for function leveldb::Status::IsNotSupportedError
Generating caller graph for function leveldb::Status::NotFound
Generating caller graph for function leveldb::Status::NotSupported
Generating caller graph for function leveldb::Status::OK
Generating caller graph for function leveldb::Status::ok
Generating caller graph for function leveldb::Status::ToString
Generating docs for compound leveldb::Table...
Generating caller graph for function leveldb::Table::Table
Generating call graph for function leveldb::Table::ApproximateOffsetOf
Generating caller graph for function leveldb::Table::ApproximateOffsetOf
Generating call graph for function leveldb::Table::NewIterator
Generating caller graph for function leveldb::Table::NewIterator
Generating call graph for function leveldb::Table::Open
Generating caller graph for function leveldb::Table::Open
Generating docs for nested compound leveldb::Table::Rep...
Generating docs for compound leveldb::TableBuilder...
Generating call graph for function leveldb::TableBuilder::TableBuilder
Generating call graph for function leveldb::TableBuilder::Add
Generating caller graph for function leveldb::TableBuilder::Add
Generating call graph for function leveldb::TableBuilder::ChangeOptions
Generating caller graph for function leveldb::TableBuilder::FileSize
Generating call graph for function leveldb::TableBuilder::Finish
Generating caller graph for function leveldb::TableBuilder::Finish
Generating call graph for function leveldb::TableBuilder::Flush
Generating caller graph for function leveldb::TableBuilder::Flush
Generating caller graph for function leveldb::TableBuilder::status
Generating docs for nested compound leveldb::TableBuilder::Rep...
Generating docs for compound leveldb::WriteBatch...
Generating call graph for function leveldb::WriteBatch::WriteBatch
Generating call graph for function leveldb::WriteBatch::Append
Generating caller graph for function leveldb::WriteBatch::Append
Generating caller graph for function leveldb::WriteBatch::ApproximateSize
Generating caller graph for function leveldb::WriteBatch::Clear
Generating call graph for function leveldb::WriteBatch::Delete
Generating caller graph for function leveldb::WriteBatch::Delete
Generating call graph for function leveldb::WriteBatch::Iterate
Generating caller graph for function leveldb::WriteBatch::Iterate
Generating call graph for function leveldb::WriteBatch::Put
Generating caller graph for function leveldb::WriteBatch::Put
Generating docs for nested compound leveldb::WriteBatch::Handler...
Generating caller graph for function leveldb::WriteBatch::Handler::Delete
Generating caller graph for function leveldb::WriteBatch::Handler::Put
Generating docs for compound leveldb::AutoCompactTest...
Generating call graph for function leveldb::AutoCompactTest::AutoCompactTest
Generating call graph for function leveldb::AutoCompactTest::~AutoCompactTest
Generating call graph for function leveldb::AutoCompactTest::DoReads
Generating caller graph for function leveldb::AutoCompactTest::Key
Generating call graph for function leveldb::AutoCompactTest::Size
Generating caller graph for function leveldb::AutoCompactTest::Size
Generating docs for compound leveldb::CorruptionTest...
Generating call graph for function leveldb::CorruptionTest::CorruptionTest
Generating call graph for function leveldb::CorruptionTest::Build
Generating call graph for function leveldb::CorruptionTest::Check
Generating call graph for function leveldb::CorruptionTest::Corrupt
Generating caller graph for function leveldb::CorruptionTest::Key
Generating call graph for function leveldb::CorruptionTest::Property
Generating call graph for function leveldb::CorruptionTest::Reopen
Generating caller graph for function leveldb::CorruptionTest::Reopen
Generating call graph for function leveldb::CorruptionTest::RepairDB
Generating call graph for function leveldb::CorruptionTest::TryReopen
Generating caller graph for function leveldb::CorruptionTest::TryReopen
Generating call graph for function leveldb::CorruptionTest::Value
Generating caller graph for function leveldb::CorruptionTest::Value
Generating docs for compound leveldb::DBImpl...
Generating call graph for function leveldb::DBImpl::~DBImpl
Generating call graph for function leveldb::DBImpl::CompactRange
Generating call graph for function leveldb::DBImpl::Delete
Generating call graph for function leveldb::DBImpl::Get
Generating call graph for function leveldb::DBImpl::GetApproximateSizes
Generating call graph for function leveldb::DBImpl::GetProperty
Generating call graph for function leveldb::DBImpl::NewIterator
Generating call graph for function leveldb::DBImpl::Put
Generating call graph for function leveldb::DBImpl::TEST_CompactMemTable
Generating caller graph for function leveldb::DBImpl::TEST_CompactMemTable
Generating caller graph for function leveldb::DBImpl::TEST_CompactRange
Generating caller graph for function leveldb::DBImpl::TEST_NewInternalIterator
Generating call graph for function leveldb::DBImpl::Write
Generating caller graph for function leveldb::DBImpl::Write
Generating docs for nested compound leveldb::DBImpl::CompactionState...
Generating docs for nested compound leveldb::DBImpl::CompactionState::Output...
Generating docs for nested compound leveldb::DBImpl::Writer...
Generating docs for compound leveldb::TestEnv...
Generating call graph for function leveldb::TestEnv::GetChildren
Generating caller graph for function leveldb::TestEnv::GetChildren
Generating caller graph for function leveldb::TestEnv::SetIgnoreDotFiles
Generating docs for compound leveldb::SpecialEnv...
Generating call graph for function leveldb::SpecialEnv::NewRandomAccessFile
Generating docs for compound leveldb::DBTest...
Generating call graph for function leveldb::DBTest::DBTest
Generating call graph for function leveldb::DBTest::~DBTest
Generating call graph for function leveldb::DBTest::AllEntriesFor
Generating call graph for function leveldb::DBTest::ChangeOptions
Generating call graph for function leveldb::DBTest::Compact
Generating call graph for function leveldb::DBTest::Contents
Generating call graph for function leveldb::DBTest::CountFiles
Generating caller graph for function leveldb::DBTest::CurrentOptions
Generating caller graph for function leveldb::DBTest::dbfull
Generating call graph for function leveldb::DBTest::Delete
Generating call graph for function leveldb::DBTest::DeleteAnSSTFile
Generating call graph for function leveldb::DBTest::DestroyAndReopen
Generating caller graph for function leveldb::DBTest::DestroyAndReopen
Generating call graph for function leveldb::DBTest::DumpFileCounts
Generating call graph for function leveldb::DBTest::DumpSSTableList
Generating call graph for function leveldb::DBTest::FilesPerLevel
Generating call graph for function leveldb::DBTest::FillLevels
Generating call graph for function leveldb::DBTest::Get
Generating call graph for function leveldb::DBTest::IterStatus
Generating caller graph for function leveldb::DBTest::IterStatus
Generating call graph for function leveldb::DBTest::MakeTables
Generating caller graph for function leveldb::DBTest::MakeTables
Generating call graph for function leveldb::DBTest::NumTableFilesAtLevel
Generating caller graph for function leveldb::DBTest::NumTableFilesAtLevel
Generating call graph for function leveldb::DBTest::Put
Generating caller graph for function leveldb::DBTest::Put
Generating call graph for function leveldb::DBTest::RenameLDBToSST
Generating call graph for function leveldb::DBTest::Reopen
Generating caller graph for function leveldb::DBTest::Reopen
Generating call graph for function leveldb::DBTest::Size
Generating call graph for function leveldb::DBTest::TotalTableFiles
Generating call graph for function leveldb::DBTest::TryReopen
Generating caller graph for function leveldb::DBTest::TryReopen
Generating docs for compound leveldb::ModelDB...
Generating call graph for function leveldb::ModelDB::Delete
Generating caller graph for function leveldb::ModelDB::Delete
Generating call graph for function leveldb::ModelDB::Get
Generating call graph for function leveldb::ModelDB::Put
Generating caller graph for function leveldb::ModelDB::Put
Generating call graph for function leveldb::ModelDB::Write
Generating docs for nested compound leveldb::ModelDB::ModelSnapshot...
Generating docs for compound leveldb::ParsedInternalKey...
Generating call graph for function leveldb::ParsedInternalKey::DebugString
Generating caller graph for function leveldb::ParsedInternalKey::DebugString
Generating docs for compound leveldb::InternalKeyComparator...
Generating call graph for function leveldb::InternalKeyComparator::Compare
Generating call graph for function leveldb::InternalKeyComparator::Compare
Generating caller graph for function leveldb::InternalKeyComparator::Compare
Generating call graph for function leveldb::InternalKeyComparator::FindShortestSeparator
Generating caller graph for function leveldb::InternalKeyComparator::FindShortestSeparator
Generating call graph for function leveldb::InternalKeyComparator::FindShortSuccessor
Generating caller graph for function leveldb::InternalKeyComparator::FindShortSuccessor
Generating caller graph for function leveldb::InternalKeyComparator::user_comparator
Generating docs for compound leveldb::InternalFilterPolicy...
Generating call graph for function leveldb::InternalFilterPolicy::CreateFilter
Generating call graph for function leveldb::InternalFilterPolicy::KeyMayMatch
Generating call graph for function leveldb::InternalFilterPolicy::Name
Generating docs for compound leveldb::InternalKey...
Generating call graph for function leveldb::InternalKey::InternalKey
Generating call graph for function leveldb::InternalKey::DebugString
Generating caller graph for function leveldb::InternalKey::DebugString
Generating call graph for function leveldb::InternalKey::DecodeFrom
Generating caller graph for function leveldb::InternalKey::DecodeFrom
Generating caller graph for function leveldb::InternalKey::Encode
Generating call graph for function leveldb::InternalKey::SetFrom
Generating call graph for function leveldb::InternalKey::user_key
Generating caller graph for function leveldb::InternalKey::user_key
Generating docs for compound leveldb::LookupKey...
Generating call graph for function leveldb::LookupKey::LookupKey
Generating caller graph for function leveldb::LookupKey::internal_key
Generating caller graph for function leveldb::LookupKey::memtable_key
Generating caller graph for function leveldb::LookupKey::user_key
Generating docs for compound leveldb::TestWritableFile...
Generating call graph for function leveldb::TestWritableFile::~TestWritableFile
Generating call graph for function leveldb::TestWritableFile::Append
Generating call graph for function leveldb::TestWritableFile::Close
Generating caller graph for function leveldb::TestWritableFile::Close
Generating call graph for function leveldb::TestWritableFile::Flush
Generating call graph for function leveldb::TestWritableFile::Sync
Generating docs for compound leveldb::FaultInjectionTestEnv...
Generating call graph for function leveldb::FaultInjectionTestEnv::DropUnsyncedFileData
Generating caller graph for function leveldb::FaultInjectionTestEnv::DropUnsyncedFileData
Generating caller graph for function leveldb::FaultInjectionTestEnv::IsFileCreatedSinceLastDirSync
Generating caller graph for function leveldb::FaultInjectionTestEnv::IsFilesystemActive
Generating call graph for function leveldb::FaultInjectionTestEnv::NewAppendableFile
Generating call graph for function leveldb::FaultInjectionTestEnv::NewWritableFile
Generating call graph for function leveldb::FaultInjectionTestEnv::RemoveFile
Generating caller graph for function leveldb::FaultInjectionTestEnv::RemoveFile
Generating call graph for function leveldb::FaultInjectionTestEnv::RemoveFilesCreatedAfterLastDirSync
Generating caller graph for function leveldb::FaultInjectionTestEnv::RemoveFilesCreatedAfterLastDirSync
Generating call graph for function leveldb::FaultInjectionTestEnv::RenameFile
Generating call graph for function leveldb::FaultInjectionTestEnv::ResetState
Generating caller graph for function leveldb::FaultInjectionTestEnv::ResetState
Generating caller graph for function leveldb::FaultInjectionTestEnv::SetFilesystemActive
Generating caller graph for function leveldb::FaultInjectionTestEnv::UntrackFile
Generating caller graph for function leveldb::FaultInjectionTestEnv::WritableFileClosed
Generating docs for compound leveldb::FaultInjectionTest...
Generating call graph for function leveldb::FaultInjectionTest::FaultInjectionTest
Generating call graph for function leveldb::FaultInjectionTest::~FaultInjectionTest
Generating call graph for function leveldb::FaultInjectionTest::Build
Generating caller graph for function leveldb::FaultInjectionTest::Build
Generating caller graph for function leveldb::FaultInjectionTest::CloseDB
Generating call graph for function leveldb::FaultInjectionTest::DeleteAllData
Generating caller graph for function leveldb::FaultInjectionTest::DeleteAllData
Generating call graph for function leveldb::FaultInjectionTest::DoTest
Generating caller graph for function leveldb::FaultInjectionTest::Key
Generating caller graph for function leveldb::FaultInjectionTest::NoWriteTestPreFault
Generating call graph for function leveldb::FaultInjectionTest::NoWriteTestReopenWithFault
Generating caller graph for function leveldb::FaultInjectionTest::NoWriteTestReopenWithFault
Generating call graph for function leveldb::FaultInjectionTest::OpenDB
Generating caller graph for function leveldb::FaultInjectionTest::OpenDB
Generating call graph for function leveldb::FaultInjectionTest::PartialCompactTestPreFault
Generating caller graph for function leveldb::FaultInjectionTest::PartialCompactTestPreFault
Generating call graph for function leveldb::FaultInjectionTest::PartialCompactTestReopenWithFault
Generating caller graph for function leveldb::FaultInjectionTest::PartialCompactTestReopenWithFault
Generating call graph for function leveldb::FaultInjectionTest::ReadValue
Generating caller graph for function leveldb::FaultInjectionTest::ReadValue
Generating call graph for function leveldb::FaultInjectionTest::ResetDBState
Generating caller graph for function leveldb::FaultInjectionTest::ResetDBState
Generating call graph for function leveldb::FaultInjectionTest::Value
Generating caller graph for function leveldb::FaultInjectionTest::Value
Generating call graph for function leveldb::FaultInjectionTest::Verify
Generating caller graph for function leveldb::FaultInjectionTest::Verify
Generating docs for compound leveldb::MemTableIterator...
Generating call graph for function leveldb::MemTableIterator::key
Generating call graph for function leveldb::MemTableIterator::Seek
Generating call graph for function leveldb::MemTableIterator::status
Generating call graph for function leveldb::MemTableIterator::value
Generating docs for compound leveldb::MemTable...
Generating call graph for function leveldb::MemTable::Add
Generating caller graph for function leveldb::MemTable::Add
Generating call graph for function leveldb::MemTable::ApproximateMemoryUsage
Generating caller graph for function leveldb::MemTable::ApproximateMemoryUsage
Generating call graph for function leveldb::MemTable::Get
Generating caller graph for function leveldb::MemTable::Get
Generating caller graph for function leveldb::MemTable::NewIterator
Generating caller graph for function leveldb::MemTable::Ref
Generating caller graph for function leveldb::MemTable::Unref
Generating docs for compound leveldb::RecoveryTest...
Generating call graph for function leveldb::RecoveryTest::RecoveryTest
Generating call graph for function leveldb::RecoveryTest::~RecoveryTest
Generating call graph for function leveldb::RecoveryTest::CanAppend
Generating caller graph for function leveldb::RecoveryTest::Close
Generating call graph for function leveldb::RecoveryTest::CompactMemTable
Generating caller graph for function leveldb::RecoveryTest::dbfull
Generating call graph for function leveldb::RecoveryTest::FileSize
Generating call graph for function leveldb::RecoveryTest::FirstLogFile
Generating call graph for function leveldb::RecoveryTest::Get
Generating call graph for function leveldb::RecoveryTest::GetFiles
Generating caller graph for function leveldb::RecoveryTest::GetFiles
Generating call graph for function leveldb::RecoveryTest::LogName
Generating caller graph for function leveldb::RecoveryTest::LogName
Generating call graph for function leveldb::RecoveryTest::MakeLogFile
Generating call graph for function leveldb::RecoveryTest::ManifestFileName
Generating caller graph for function leveldb::RecoveryTest::ManifestFileName
Generating call graph for function leveldb::RecoveryTest::NumLogs
Generating caller graph for function leveldb::RecoveryTest::NumLogs
Generating call graph for function leveldb::RecoveryTest::NumTables
Generating call graph for function leveldb::RecoveryTest::Open
Generating caller graph for function leveldb::RecoveryTest::Open
Generating call graph for function leveldb::RecoveryTest::OpenWithStatus
Generating caller graph for function leveldb::RecoveryTest::OpenWithStatus
Generating call graph for function leveldb::RecoveryTest::Put
Generating call graph for function leveldb::RecoveryTest::RemoveLogFiles
Generating call graph for function leveldb::RecoveryTest::RemoveManifestFile
Generating docs for compound leveldb::SkipList...
Generating call graph for function leveldb::SkipList::SkipList
Generating caller graph for function leveldb::SkipList::Contains
Generating call graph for function leveldb::SkipList::Insert
Generating caller graph for function leveldb::SkipList::Insert
Generating docs for nested compound leveldb::SkipList::Iterator...
Generating caller graph for function leveldb::SkipList::Iterator::key
Generating caller graph for function leveldb::SkipList::Iterator::Next
Generating caller graph for function leveldb::SkipList::Iterator::Prev
Generating caller graph for function leveldb::SkipList::Iterator::Seek
Generating caller graph for function leveldb::SkipList::Iterator::SeekToFirst
Generating caller graph for function leveldb::SkipList::Iterator::SeekToLast
Generating caller graph for function leveldb::SkipList::Iterator::Valid
Generating docs for nested compound leveldb::SkipList::Node...
Generating caller graph for function leveldb::SkipList::Node::NoBarrier_SetNext
Generating caller graph for function leveldb::SkipList::Node::SetNext
Generating docs for compound leveldb::ConcurrentTest...
Generating call graph for function leveldb::ConcurrentTest::ReadStep
Generating call graph for function leveldb::ConcurrentTest::WriteStep
Generating docs for compound leveldb::TestState...
Generating docs for compound leveldb::SnapshotImpl...
Generating caller graph for function leveldb::SnapshotImpl::sequence_number
Generating docs for compound leveldb::SnapshotList...
Generating caller graph for function leveldb::SnapshotList::empty
Generating call graph for function leveldb::SnapshotList::New
Generating call graph for function leveldb::SnapshotList::newest
Generating caller graph for function leveldb::SnapshotList::newest
Generating call graph for function leveldb::SnapshotList::oldest
Generating docs for compound leveldb::TableAndFile...
Generating docs for compound leveldb::TableCache...
Generating call graph for function leveldb::TableCache::Evict
Generating call graph for function leveldb::TableCache::Get
Generating call graph for function leveldb::TableCache::NewIterator
Generating caller graph for function leveldb::TableCache::NewIterator
Generating docs for compound leveldb::FileMetaData...
Generating docs for compound leveldb::VersionEdit...
Generating call graph for function leveldb::VersionEdit::VersionEdit
Generating caller graph for function leveldb::VersionEdit::AddFile
Generating caller graph for function leveldb::VersionEdit::Clear
Generating call graph for function leveldb::VersionEdit::DebugString
Generating call graph for function leveldb::VersionEdit::DecodeFrom
Generating caller graph for function leveldb::VersionEdit::DecodeFrom
Generating call graph for function leveldb::VersionEdit::EncodeTo
Generating caller graph for function leveldb::VersionEdit::EncodeTo
Generating caller graph for function leveldb::VersionEdit::RemoveFile
Generating caller graph for function leveldb::VersionEdit::SetCompactPointer
Generating call graph for function leveldb::VersionEdit::SetComparatorName
Generating caller graph for function leveldb::VersionEdit::SetComparatorName
Generating caller graph for function leveldb::VersionEdit::SetLastSequence
Generating caller graph for function leveldb::VersionEdit::SetLogNumber
Generating caller graph for function leveldb::VersionEdit::SetNextFile
Generating caller graph for function leveldb::VersionEdit::SetPrevLogNumber
Generating docs for compound leveldb::Version...
Generating call graph for function leveldb::Version::AddIterators
Generating call graph for function leveldb::Version::DebugString
Generating call graph for function leveldb::Version::Get
Generating caller graph for function leveldb::Version::Get
Generating call graph for function leveldb::Version::GetOverlappingInputs
Generating caller graph for function leveldb::Version::GetOverlappingInputs
Generating call graph for function leveldb::Version::OverlapInLevel
Generating caller graph for function leveldb::Version::OverlapInLevel
Generating call graph for function leveldb::Version::PickLevelForMemTableOutput
Generating call graph for function leveldb::Version::RecordReadSample
Generating caller graph for function leveldb::Version::Ref
Generating caller graph for function leveldb::Version::Unref
Generating caller graph for function leveldb::Version::UpdateStats
Generating docs for nested compound leveldb::Version::GetStats...
Generating docs for nested compound leveldb::Version::LevelFileNumIterator...
Generating call graph for function leveldb::Version::LevelFileNumIterator::key
Generating call graph for function leveldb::Version::LevelFileNumIterator::Next
Generating call graph for function leveldb::Version::LevelFileNumIterator::Prev
Generating call graph for function leveldb::Version::LevelFileNumIterator::Seek
Generating call graph for function leveldb::Version::LevelFileNumIterator::status
Generating caller graph for function leveldb::Version::LevelFileNumIterator::Valid
Generating call graph for function leveldb::Version::LevelFileNumIterator::value
Generating docs for compound leveldb::VersionSet...
Generating call graph for function leveldb::VersionSet::~VersionSet
Generating call graph for function leveldb::VersionSet::ApproximateOffsetOf
Generating call graph for function leveldb::VersionSet::CompactRange
Generating caller graph for function leveldb::VersionSet::current
Generating call graph for function leveldb::VersionSet::LogAndApply
Generating call graph for function leveldb::VersionSet::MakeInputIterator
Generating caller graph for function leveldb::VersionSet::MarkFileNumberUsed
Generating call graph for function leveldb::VersionSet::MaxNextLevelOverlappingBytes
Generating call graph for function leveldb::VersionSet::NumLevelBytes
Generating call graph for function leveldb::VersionSet::PickCompaction
Generating call graph for function leveldb::VersionSet::Recover
Generating docs for nested compound leveldb::VersionSet::Builder...
Generating call graph for function leveldb::VersionSet::Builder::Builder
Generating call graph for function leveldb::VersionSet::Builder::~Builder
Generating caller graph for function leveldb::VersionSet::Builder::Apply
Generating call graph for function leveldb::VersionSet::Builder::MaybeAddFile
Generating caller graph for function leveldb::VersionSet::Builder::MaybeAddFile
Generating call graph for function leveldb::VersionSet::Builder::SaveTo
Generating caller graph for function leveldb::VersionSet::Builder::SaveTo
Generating docs for nested compound leveldb::VersionSet::LevelSummaryStorage...
Generating docs for compound leveldb::Compaction...
Generating call graph for function leveldb::Compaction::~Compaction
Generating call graph for function leveldb::Compaction::AddInputDeletions
Generating caller graph for function leveldb::Compaction::edit
Generating call graph for function leveldb::Compaction::IsBaseLevelForKey
Generating call graph for function leveldb::Compaction::IsTrivialMove
Generating caller graph for function leveldb::Compaction::level
Generating caller graph for function leveldb::Compaction::num_input_files
Generating call graph for function leveldb::Compaction::ReleaseInputs
Generating call graph for function leveldb::Compaction::ShouldStopBefore
Generating docs for compound leveldb::FindFileTest...
Generating call graph for function leveldb::FindFileTest::Find
Generating call graph for function leveldb::FindFileTest::Overlaps
Generating docs for compound leveldb::AddBoundaryInputsTest...
Generating docs for compound leveldb::WriteBatchInternal...
Generating call graph for function leveldb::WriteBatchInternal::Append
Generating caller graph for function leveldb::WriteBatchInternal::Append
Generating caller graph for function leveldb::WriteBatchInternal::Contents
Generating call graph for function leveldb::WriteBatchInternal::Count
Generating caller graph for function leveldb::WriteBatchInternal::Count
Generating call graph for function leveldb::WriteBatchInternal::InsertInto
Generating caller graph for function leveldb::WriteBatchInternal::InsertInto
Generating call graph for function leveldb::WriteBatchInternal::Sequence
Generating caller graph for function leveldb::WriteBatchInternal::Sequence
Generating call graph for function leveldb::WriteBatchInternal::SetContents
Generating caller graph for function leveldb::WriteBatchInternal::SetContents
Generating call graph for function leveldb::WriteBatchInternal::SetCount
Generating caller graph for function leveldb::WriteBatchInternal::SetCount
Generating call graph for function leveldb::WriteBatchInternal::SetSequence
Generating caller graph for function leveldb::WriteBatchInternal::SetSequence
Generating docs for compound leveldb::Block...
Generating call graph for function leveldb::Block::NewIterator
Generating caller graph for function leveldb::Block::NewIterator
Generating docs for nested compound leveldb::Block::Iter...
Generating call graph for function leveldb::Block::Iter::key
Generating call graph for function leveldb::Block::Iter::Next
Generating call graph for function leveldb::Block::Iter::Prev
Generating call graph for function leveldb::Block::Iter::Seek
Generating caller graph for function leveldb::Block::Iter::Valid
Generating call graph for function leveldb::Block::Iter::value
Generating docs for compound leveldb::BlockBuilder...
Generating call graph for function leveldb::BlockBuilder::Add
Generating caller graph for function leveldb::BlockBuilder::Add
Generating caller graph for function leveldb::BlockBuilder::CurrentSizeEstimate
Generating caller graph for function leveldb::BlockBuilder::empty
Generating call graph for function leveldb::BlockBuilder::Finish
Generating caller graph for function leveldb::BlockBuilder::Finish
Generating docs for compound leveldb::FilterBlockBuilder...
Generating call graph for function leveldb::FilterBlockBuilder::AddKey
Generating caller graph for function leveldb::FilterBlockBuilder::AddKey
Generating call graph for function leveldb::FilterBlockBuilder::Finish
Generating caller graph for function leveldb::FilterBlockBuilder::Finish
Generating caller graph for function leveldb::FilterBlockBuilder::StartBlock
Generating docs for compound leveldb::FilterBlockReader...
Generating call graph for function leveldb::FilterBlockReader::FilterBlockReader
Generating call graph for function leveldb::FilterBlockReader::KeyMayMatch
Generating caller graph for function leveldb::FilterBlockReader::KeyMayMatch
Generating docs for compound leveldb::TestHashFilter...
Generating call graph for function leveldb::TestHashFilter::CreateFilter
Generating call graph for function leveldb::TestHashFilter::KeyMayMatch
Generating docs for compound leveldb::FilterBlockTest...
Generating docs for compound leveldb::BlockHandle...
Generating call graph for function leveldb::BlockHandle::DecodeFrom
Generating caller graph for function leveldb::BlockHandle::DecodeFrom
Generating call graph for function leveldb::BlockHandle::EncodeTo
Generating caller graph for function leveldb::BlockHandle::EncodeTo
Generating caller graph for function leveldb::BlockHandle::offset
Generating call graph for function leveldb::BlockHandle::set_offset
Generating call graph for function leveldb::BlockHandle::set_size
Generating caller graph for function leveldb::BlockHandle::size
Generating docs for compound leveldb::Footer...
Generating call graph for function leveldb::Footer::DecodeFrom
Generating caller graph for function leveldb::Footer::DecodeFrom
Generating call graph for function leveldb::Footer::EncodeTo
Generating caller graph for function leveldb::Footer::EncodeTo
Generating caller graph for function leveldb::Footer::index_handle
Generating caller graph for function leveldb::Footer::metaindex_handle
Generating caller graph for function leveldb::Footer::set_index_handle
Generating caller graph for function leveldb::Footer::set_metaindex_handle
Generating docs for compound leveldb::BlockContents...
Generating docs for compound leveldb::IteratorWrapper...
Generating call graph for function leveldb::IteratorWrapper::IteratorWrapper
Generating caller graph for function leveldb::IteratorWrapper::iter
Generating call graph for function leveldb::IteratorWrapper::key
Generating call graph for function leveldb::IteratorWrapper::Next
Generating call graph for function leveldb::IteratorWrapper::Prev
Generating call graph for function leveldb::IteratorWrapper::Seek
Generating call graph for function leveldb::IteratorWrapper::SeekToFirst
Generating call graph for function leveldb::IteratorWrapper::SeekToLast
Generating call graph for function leveldb::IteratorWrapper::Set
Generating caller graph for function leveldb::IteratorWrapper::Set
Generating call graph for function leveldb::IteratorWrapper::status
Generating caller graph for function leveldb::IteratorWrapper::Valid
Generating call graph for function leveldb::IteratorWrapper::value
Generating docs for compound leveldb::StringSink...
Generating call graph for function leveldb::StringSink::Append
Generating call graph for function leveldb::StringSink::Close
Generating caller graph for function leveldb::StringSink::contents
Generating call graph for function leveldb::StringSink::Flush
Generating call graph for function leveldb::StringSink::Sync
Generating docs for compound leveldb::StringSource...
Generating call graph for function leveldb::StringSource::Read
Generating docs for compound leveldb::Constructor...
Generating caller graph for function leveldb::Constructor::Add
Generating caller graph for function leveldb::Constructor::data
Generating caller graph for function leveldb::Constructor::db
Generating call graph for function leveldb::Constructor::Finish
Generating caller graph for function leveldb::Constructor::Finish
Generating caller graph for function leveldb::Constructor::FinishImpl
Generating caller graph for function leveldb::Constructor::NewIterator
Generating docs for compound leveldb::BlockConstructor...
Generating call graph for function leveldb::BlockConstructor::FinishImpl
Generating call graph for function leveldb::BlockConstructor::NewIterator
Generating docs for compound leveldb::TableConstructor...
Generating call graph for function leveldb::TableConstructor::ApproximateOffsetOf
Generating caller graph for function leveldb::TableConstructor::ApproximateOffsetOf
Generating call graph for function leveldb::TableConstructor::FinishImpl
Generating call graph for function leveldb::TableConstructor::NewIterator
Generating docs for compound leveldb::KeyConvertingIterator...
Generating call graph for function leveldb::KeyConvertingIterator::key
Generating call graph for function leveldb::KeyConvertingIterator::Next
Generating call graph for function leveldb::KeyConvertingIterator::Prev
Generating call graph for function leveldb::KeyConvertingIterator::Seek
Generating call graph for function leveldb::KeyConvertingIterator::SeekToFirst
Generating call graph for function leveldb::KeyConvertingIterator::SeekToLast
Generating call graph for function leveldb::KeyConvertingIterator::status
Generating call graph for function leveldb::KeyConvertingIterator::Valid
Generating caller graph for function leveldb::KeyConvertingIterator::Valid
Generating call graph for function leveldb::KeyConvertingIterator::value
Generating docs for compound leveldb::MemTableConstructor...
Generating call graph for function leveldb::MemTableConstructor::MemTableConstructor
Generating call graph for function leveldb::MemTableConstructor::~MemTableConstructor
Generating call graph for function leveldb::MemTableConstructor::FinishImpl
Generating call graph for function leveldb::MemTableConstructor::NewIterator
Generating docs for compound leveldb::DBConstructor...
Generating call graph for function leveldb::DBConstructor::FinishImpl
Generating call graph for function leveldb::DBConstructor::NewIterator
Generating docs for compound leveldb::TestArgs...
Generating docs for compound leveldb::Harness...
Generating call graph for function leveldb::Harness::Add
Generating call graph for function leveldb::Harness::db
Generating call graph for function leveldb::Harness::PickRandomKey
Generating caller graph for function leveldb::Harness::PickRandomKey
Generating call graph for function leveldb::Harness::Test
Generating call graph for function leveldb::Harness::TestBackwardScan
Generating caller graph for function leveldb::Harness::TestBackwardScan
Generating call graph for function leveldb::Harness::TestForwardScan
Generating caller graph for function leveldb::Harness::TestForwardScan
Generating call graph for function leveldb::Harness::TestRandomAccess
Generating caller graph for function leveldb::Harness::TestRandomAccess
Generating call graph for function leveldb::Harness::ToString
Generating caller graph for function leveldb::Harness::ToString
Generating docs for compound leveldb::CompressionTableTest...
Generating docs for compound leveldb::Arena...
Generating caller graph for function leveldb::Arena::Allocate
Generating caller graph for function leveldb::Arena::AllocateAligned
Generating caller graph for function leveldb::Arena::MemoryUsage
Generating docs for compound leveldb::BloomTest...
Generating call graph for function leveldb::BloomTest::Add
Generating call graph for function leveldb::BloomTest::Build
Generating caller graph for function leveldb::BloomTest::Build
Generating caller graph for function leveldb::BloomTest::DumpFilter
Generating call graph for function leveldb::BloomTest::FalsePositiveRate
Generating call graph for function leveldb::BloomTest::Matches
Generating caller graph for function leveldb::BloomTest::Matches
Generating docs for compound leveldb::CacheTest...
Generating call graph for function leveldb::CacheTest::Deleter
Generating caller graph for function leveldb::CacheTest::Deleter
Generating call graph for function leveldb::CacheTest::Erase
Generating call graph for function leveldb::CacheTest::Insert
Generating call graph for function leveldb::CacheTest::InsertAndReturnHandle
Generating call graph for function leveldb::CacheTest::Lookup
Generating docs for compound leveldb::EnvPosixTest...
Generating caller graph for function leveldb::EnvPosixTest::SetFileLimits
Generating docs for compound leveldb::EnvPosixTestHelper...
Generating docs for compound leveldb::EnvTest...
Generating docs for compound leveldb::State...
Generating docs for compound leveldb::EnvWindowsTest...
Generating caller graph for function leveldb::EnvWindowsTest::SetFileLimits
Generating docs for compound leveldb::EnvWindowsTestHelper...
Generating docs for compound leveldb::Histogram...
Generating docs for compound leveldb::MutexLock...
Generating docs for compound leveldb::NoDestructor...
Generating caller graph for function leveldb::NoDestructor::get
Generating docs for compound leveldb::PosixLogger...
Generating docs for compound leveldb::Random...
Generating caller graph for function leveldb::Random::Next
Generating call graph for function leveldb::Random::OneIn
Generating caller graph for function leveldb::Random::OneIn
Generating call graph for function leveldb::Random::Skewed
Generating caller graph for function leveldb::Random::Skewed
Generating call graph for function leveldb::Random::Uniform
Generating caller graph for function leveldb::Random::Uniform
Generating docs for compound leveldb::WindowsLogger...
Generating docs for namespace leveldb::config
Generating docs for namespace leveldb::crc32c
Generating caller graph for function leveldb::crc32c::CanAccelerateCRC32C
Generating call graph for function leveldb::crc32c::Extend
Generating caller graph for function leveldb::crc32c::Extend
Generating caller graph for function leveldb::crc32c::Mask
Generating call graph for function leveldb::crc32c::TEST
Generating call graph for function leveldb::crc32c::TEST
Generating call graph for function leveldb::crc32c::TEST
Generating call graph for function leveldb::crc32c::TEST
Generating caller graph for function leveldb::crc32c::Unmask
Generating call graph for function leveldb::crc32c::Value
Generating caller graph for function leveldb::crc32c::Value
Generating docs for namespace leveldb::log
Generating caller graph for function leveldb::log::BigString
Generating call graph for function leveldb::log::InitTypeCrc
Generating caller graph for function leveldb::log::InitTypeCrc
Generating caller graph for function leveldb::log::NumberString
Generating call graph for function leveldb::log::RandomSkewedString
Generating caller graph for function leveldb::log::RandomSkewedString
Generating call graph for function leveldb::log::TEST_F
Generating call graph for function leveldb::log::TEST_F
Generating call graph for function leveldb::log::TEST_F
Generating call graph for function leveldb::log::TEST_F
Generating call graph for function leveldb::log::TEST_F
Generating call graph for function leveldb::log::TEST_F
Generating call graph for function leveldb::log::TEST_F
Generating call graph for function leveldb::log::TEST_F
Generating call graph for function leveldb::log::TEST_F
Generating call graph for function leveldb::log::TEST_F
Generating call graph for function leveldb::log::TEST_F
Generating call graph for function leveldb::log::TEST_F
Generating call graph for function leveldb::log::TEST_F
Generating docs for compound leveldb::log::Reader...
Generating caller graph for function leveldb::log::Reader::LastRecordOffset
Generating call graph for function leveldb::log::Reader::ReadRecord
Generating caller graph for function leveldb::log::Reader::ReadRecord
Generating docs for nested compound leveldb::log::Reader::Reporter...
Generating docs for compound leveldb::log::LogTest...
Generating call graph for function leveldb::log::LogTest::CheckInitialOffsetRecord
Generating call graph for function leveldb::log::LogTest::CheckOffsetPastEndReturnsNoRecords
Generating call graph for function leveldb::log::LogTest::FixChecksum
Generating call graph for function leveldb::log::LogTest::Read
Generating call graph for function leveldb::log::LogTest::Write
Generating caller graph for function leveldb::log::LogTest::Write
Generating call graph for function leveldb::log::LogTest::WriteInitialOffsetLog
Generating caller graph for function leveldb::log::LogTest::WriteInitialOffsetLog
Generating caller graph for function leveldb::log::LogTest::WrittenBytes
Generating docs for compound leveldb::log::Writer...
Generating call graph for function leveldb::log::Writer::Writer
Generating call graph for function leveldb::log::Writer::Writer
Generating call graph for function leveldb::log::Writer::AddRecord
Generating caller graph for function leveldb::log::Writer::AddRecord
Generating graph info page...
Generating directory documentation...
Generating dependency graph for directory /mnt/c/Users/brand/repos/tmp/leveldb/db
Generating dependency graph for directory /mnt/c/Users/brand/repos/tmp/leveldb
Generating dependency graph for directory /mnt/c/Users/brand/repos/tmp/leveldb/table
Generating dependency graph for directory /mnt/c/Users/brand/repos/tmp
Generating dependency graph for directory /mnt/c/Users/brand/repos/tmp/leveldb/util
Generating index page...
Generating page index...
Generating module index...
Generating namespace index...
Generating namespace member index...
Generating annotated compound index...
Generating alphabetical compound index...
Generating hierarchical class index...
Generating graphical class hierarchy...
Generating member index...
Generating file index...
Generating file member index...
Generating example index...
finalizing index lists...
writing tag file...
Running plantuml with JAVA...
Running dot...
lookup cache used 5041/65536 hits=46412 misses=5707
finished...
